generation,Alakazam Dudunsparce,Ceruledge,Charizard Noctowl,Charizard Pidgeot,Crustle,Cynthia's Garchomp,Dragapult Charizard,Dragapult Dusknoir,Dragonite Eelektrik,Festival Lead,Flareon Noctowl,Froslass Munkidori,Gardevoir,Gardevoir Jellicent,Gholdengo Lunatone,Greninja,Grimmsnarl Froslass,Iron Hands Magneton,Joltik Box,Kangaskhan Bouffalant,Lucario Hariyama,Mega Absol Box,Mega Venusaur,N's Zoroark,Ogerpon Meganium,Raging Bolt Ogerpon,Rocket's Honchkrow,Rocket's Mewtwo,Tera Box
0,0.034482758620689655,0.034482758620689655,0.034482758620689655,0.034482758620689655,0.034482758620689655,0.034482758620689655,0.034482758620689655,0.034482758620689655,0.034482758620689655,0.034482758620689655,0.034482758620689655,0.034482758620689655,0.034482758620689655,0.034482758620689655,0.034482758620689655,0.034482758620689655,0.034482758620689655,0.034482758620689655,0.034482758620689655,0.034482758620689655,0.034482758620689655,0.034482758620689655,0.034482758620689655,0.034482758620689655,0.034482758620689655,0.034482758620689655,0.034482758620689655,0.034482758620689655,0.034482758620689655
1,0.034482758620689655,0.034482758620689655,0.034482758620689655,0.034482758620689655,0.034482758620689655,0.034482758620689655,0.034482758620689655,0.034482758620689655,0.034482758620689655,0.034482758620689655,0.034482758620689655,0.034482758620689655,0.034482758620689655,0.034482758620689655,0.034482758620689655,0.034482758620689655,0.034482758620689655,0.034482758620689655,0.034482758620689655,0.034482758620689655,0.034482758620689655,0.034482758620689655,0.034482758620689655,0.034482758620689655,0.034482758620689655,0.034482758620689655,0.034482758620689655,0.034482758620689655,0.034482758620689655
2,0.03567915438560545,0.03255830857572623,0.03811550317931577,0.035598837007372035,0.03674371023754694,0.02807056462620107,0.035504238347277776,0.03631825450786553,0.027360442104780905,0.03824922515413347,0.03020869462680807,0.03661830089755427,0.03927099638938809,0.03684785345204406,0.037704867779502854,0.036115246919798255,0.034908920503831764,0.033153113754203385,0.03718867840424204,0.036956435410770816,0.03061729082155772,0.033847473863854095,0.03354769817791052,0.03385850190009901,0.030118965412265265,0.033751056335467766,0.03574411440256105,0.0320682677143014,0.03327528510801443
3,0.03656234107060883,0.03041876934376226,0.041837488042433445,0.036452301681261234,0.038561442333019655,0.02296884641908921,0.036321460181573596,0.038186720696010645,0.021210952376517326,0.04193973071276001,0.02605849211440557,0.03866430084023539,0.04431502052574277,0.03920753240325447,0.04088604400094712,0.03749759721668522,0.035400362141890435,0.03133223711814878,0.039625161818225736,0.0398665488113372,0.027041179849429234,0.033246980844359855,0.03226423073476052,0.03313607247656768,0.026136476428957958,0.03282936570825588,0.03681540391137114,0.02935444062467961,0.03186249957370917
4,0.037135236973584694,0.02812825239868276,0.045607233375946944,0.03699624437956893,0.039867139783182376,0.018903854790023964,0.036921545291774535,0.04008890670709847,0.01609353369722394,0.0454553747016651,0.022158522956448785,0.04059517363742629,0.049567319830468616,0.04153428371878327,0.043989073136307615,0.038640657703574624,0.035959275953109264,0.02916439748273555,0.041723087261974205,0.0432447600249981,0.023781187716381973,0.032682147983037625,0.030725098621155685,0.03232695289790962,0.022560013632218438,0.031762301164330445,0.037651951989916936,0.026455249675403743,0.030281222515067763
5,0.03741392048215163,0.025753298534209674,0.049382476112252,0.03720021682613874,0.0406270693514325,0.015653877853807615,0.03730038101774352,0.04202361677746403,0.01197173057401194,0.04868695864498421,0.018599723385370328,0.04239105124338379,0.0549782554063693,0.043798444926832894,0.046986414338521416,0.03956719659853525,0.036591278382432015,0.026786924025729197,0.04343714586203789,0.04713127284537171,0.020847027175768713,0.032154343075934726,0.029016703606606378,0.03144518050180698,0.019392711691870262,0.030594300887704158,0.03821719360740073,0.023479165026366634,0.028572121237761823
6,0.03742496649861169,0.023358990850169327,0.05312214087353716,0.03705145136988391,0.04084329923299432,0.013043704778805709,0.037461136505081115,0.043985932621055775,0.008746418039106273,0.051519450698938506,0.015435944642163553,0.044035734460883005,0.06049706261923611,0.04596846268462179,0.04986042690596361,0.040307848259591994,0.03730304373880397,0.0243195669427345,0.04474525919466153,0.05157293837710454,0.01823497867701649,0.031664812371912564,0.02721483211833147,0.03050628621473592,0.01662117747559055,0.029366785705586308,0.03848573301528267,0.020523854161357855,0.02677776096623783
7,0.03720243227721447,0.021004842637578652,0.05678804272812958,0.036554187165902335,0.040550260199128704,0.010936972152763087,0.03741241007723181,0.04596559864342309,0.0062862575938573625,0.05383840523714692,0.012687170694533411,0.04551470235988561,0.06607252955824258,0.048011320334329706,0.0526024848502967,0.040897260907498886,0.03810051871009218,0.021858930461597457,0.045645008471426884,0.05662097592314522,0.015931535459651106,0.03121407081773781,0.025382687452129644,0.029526239661886066,0.014220341986512161,0.02811630961228217,0.038445707849826545,0.017672537793409406,0.02494025838314052
8,0.03678490791035548,0.018741317869645346,0.060346221806030755,0.03572749978319673,0.03980821707502899,0.00922839070293656,0.037166374288897346,0.0479457609919658,0.004451532689330183,0.055537884536433144,0.010345982956970375,0.046813626472024646,0.07165359795190966,0.0498931866011054,0.055211352572513785,0.04137101733307384,0.03898770199900308,0.019477202576828,0.0461484595376847,0.06232820464638606,0.013916691441594898,0.030801407234399,0.023570638356279188,0.028520528829713263,0.012157826936419128,0.026873650145223162,0.038100014005680895,0.014991814834855847,0.02309898791451478
9,0.03621291137144174,0.01660758674917193,0.06376787613309724,0.034602207723323807,0.03869499779826918,0.00783682379259067,0.03673718947536624,0.0499022184757806,0.0031101395068916316,0.05652909714832076,0.00838540892867356,0.04791760361666365,0.07719007351859565,0.05158030656591526,0.05769118969549318,0.04176356979612894,0.0399658857316954,0.01722391795758826,0.046276713379242496,0.06874570477206876,0.012166665685579347,0.030424558343476203,0.021817069355609175,0.02750344902663718,0.010397617566046792,0.025663647318954284,0.03746609421168325,0.012530770073703063,0.021288706281991754
10,0.03552677035737553,0.014630736399181861,0.06702990171956996,0.03321743418057434,0.0372973223191522,0.006699565084651402,0.03613983214247147,0.05180331021680318,0.0021464594730323575,0.056748724665962307,0.006766582428005583,0.04881112515695144,0.08263352219546392,0.05304011676546813,0.06004948331802575,0.04210715761779231,0.041033230490516714,0.015129441554109013,0.04605516076113594,0.0759188842386661,0.010656005598618234,0.030079561749932256,0.020149814536877687,0.026487622062793956,0.008902929357544649,0.024505552947487186,0.036574237094571804,0.010321211296194914,0.019538304271069895
11,0.03476502527615176,0.012826306101262437,0.07011507375914353,0.03161728883947911,0.035702859573248286,0.005767828479494229,0.03538936861754215,0.05361052945138356,0.0014647982955997665,0.056165824323452324,0.005445203478327394,0.04947867458764649,0.0879383232859093,0.05424253137947346,0.06229511808547195,0.042431509971928294,0.042184564316980006,0.013209092654562604,0.04550998251335071,0.0838830206510154,0.009359110237216297,0.029760769851146687,0.01858780196098507,0.025483727313302926,0.007638260753999097,0.023413670401235355,0.03546461112765059,0.008378890542186308,0.01787023417085484
12,0.03396331887985344,0.011199792576377798,0.07301191879959174,0.029847970940640265,0.03399380050884339,0.00500330932797861,0.034500619286443,0.055279906726790375,0.000989256393736899,0.05478630420727136,0.00437636104655568,0.04990578290478932,0.09306278575100203,0.05516132153632677,0.06443671600556912,0.04276407371327072,0.0434113339194134,0.011467168694394002,0.044666058561814846,0.0926584717460467,0.008251266037310415,0.02946099497366902,0.01714267751717901,0.024500406048560262,0.006570710553245009,0.02239811445492268,0.0341834894255459,0.006705530072123532,0.01630053939073482
13,0.033153703072779345,0.00974869411865423,0.07571434043829067,0.027955436128206883,0.032242349873584625,0.0043756227471333144,0.03348811096149292,0.05676414082227735,0.0006616237910441167,0.05265425775505428,0.003517718112030547,0.05008034930153952,0.0979702172651327,0.055775494203522305,0.0664813182407316,0.043130517208507524,0.04470167516498134,0.009900450229578308,0.04354618716545727,0.10224588227280575,0.007309301712388182,0.029171756163006945,0.01582028752647889,0.02354429583122922,0.005670691785700954,0.021465576223560153,0.032779241092624166,0.005291416973886337,0.014839343818320637
14,0.032364281987603744,0.008464701068106557,0.07822107092370806,0.025983646359812713,0.03050818225862602,0.003860423457260749,0.032366200166809175,0.058015370394500665,0.00043845219138243804,0.04984985854252031,0.002831311313899745,0.04999403271790959,0.10262985430116577,0.05607056748470811,0.06843343913531065,0.04355531243065321,0.04604059929148176,0.008501013508212998,0.04217136657197353,0.11262183436698361,0.006511961449227688,0.028883603683213112,0.014621972371174624,0.022620156519258815,0.004912192514340078,0.02062002543542916,0.031298646706491955,0.004118285511442651,0.01349163733679258
15,0.0316191127655837,0.007335742056077811,0.0805350255534953,0.023973343758552892,0.028837633830499615,0.00343803414265579,0.031149259149880187,0.0589883816102869,0.0002880277366412916,0.04648397581120364,0.0022843131581980593,0.04964352741444289,0.10701759476256453,0.05603963335346729,0.0702944939877322,0.044062262358746516,0.0474103071663359,0.007258335048721691,0.040561822654721,0.12373546041857965,0.0058400780584181725,0.028586503129919404,0.013545664562450961,0.0217310575620067,0.004272726334833564,0.019863317006664317,0.029783960348211683,0.0031621999773381597,0.012258206281770292
16,0.03093829446019338,0.006347713189964698,0.08266263362982966,0.02196125181786581,0.027264237885185394,0.003092440958232522,0.02985183935235457,0.059643954505252755,0.00018763152044300565,0.042690096834764484,0.001849097208962309,0.04903155280167934,0.11111650536659011,0.05568409866837851,0.07206258212430797,0.044674901787742895,0.04879064637458437,0.006160759393738395,0.0387384451609213,0.13550653203867816,0.005276608458635738,0.02827026393132028,0.012586803811447288,0.020878604000729547,0.003733092489469725,0.019195691804312437,0.028270942343733247,0.0023961899982969494,0.011136588082385115
17,0.0303381865428957,0.005485819760136198,0.08461320869188223,0.019979600991162447,0.02581015800128693,0.002810547460659353,0.02848875570011965,0.05995198702444082,0.00012124748389350476,0.03861447192483242,0.0015028873592792826,0.04816741892896912,0.11491709594681115,0.05501400576861358,0.07373259222953667,0.04541674782150068,0.050159717146020015,0.005196439672580818,0.03672430093940203,0.1478254367188313,0.004806576963289524,0.027924995920393495,0.011739088081217975,0.020063184236473446,0.0032770370682728145,0.01861617523691882,0.026787887418620652,0.0017924634137881778,0.010121965548171406
18,0.029831709010923708,0.0047355334521164884,0.08639840380453923,0.018055889216205503,0.024488102988352724,0.002581607669195133,0.02707506362699405,0.05989402332251038,7.774243892822397e-05,0.034405591708620495,0.001227197876986806,0.0470670779389198,0.11841736268423629,0.05404786035465565,0.07529658514834446,0.04631140814361316,0.05149461663335547,0.004353870665175705,0.034545917949533475,0.16055525590649236,0.004416958708406099,0.027541573435697953,0.010995079969477992,0.019284226095320427,0.002890879247441027,0.018122884601523875,0.025355519221839495,0.0013241079897239186,0.00920795019086994
19,0.029428684860707866,0.004083211469004405,0.08803177818229849,0.01621281107767293,0.02330338887491448,0.0023967831084573993,0.02562592568054283,0.05946486554672348,4.947428315646008e-05,0.03020414482299898,0.0010072021492064998,0.04575263661845093,0.12162260748968283,0.05281193854669809,0.07674439900004192,0.04738257094487836,0.05277229120240059,0.003622129226414743,0.03223408177336825,0.17353589105528636,0.004096526061371832,0.02711208107029134,0.01034668611063994,0.018540449655709345,0.0025631433311976595,0.017713259100161707,0.02398753518027171,0.000966272091721516,0.008387231485728881
20,0.029136192462371795,0.003516443240506697,0.08952848277355424,0.014468313775248178,0.022255912405207,0.0022487869906939236,0.024156383977059857,0.05867306385856245,3.1257467495023686e-05,0.02613448635655302,0.0008311135243552675,0.04425137736890514,0.1245450471261794,0.051339102809347,0.07806441214597444,0.04865390273072183,0.05397044797564429,0.0029909247175099953,0.029823961962805783,0.1865898981941044,0.003835674187410344,0.026630211216041855,0.009785525524169537,0.017830106538685442,0.002284219676892694,0.017384226685539024,0.02269156243514008,0.0006968730385120941,0.007652088834809086
21,0.02895890054304111,0.0030241933691518464,0.09090505718150675,0.012835757947867274,0.021341894292996356,0.0021315915982775195,0.02268106786065856,0.057540237871202785,1.961104003131995e-05,0.022298391878684046,0.0006896226932420826,0.042594401139847256,0.12720323603374495,0.049667217710825204,0.07924439234635712,0.05014887290814067,0.0550684642881652,0.002450545900828171,0.027354489017332735,0.1995294496875496,0.003626237247986745,0.02609158309562728,0.009303201613750027,0.0171511965842795,0.002046065186604396,0.017132320534188592,0.02147030870736279,0.0004969160094341087,0.006994775711316068
22,0.028899362739580617,0.002596803193139689,0.092179319822406,0.011324173510378316,0.02055532595707866,0.002040183433817427,0.02121387277227643,0.056099350495060436,1.2222034118296896e-05,0.018771519257249604,0.0005754104963453631,0.04081505231938827,0.12962134019628738,0.047837307976465696,0.08027235728128626,0.051890511136551395,0.05604822999475674,0.001991771960068697,0.024867024402053423,0.21216370141358143,0.0034613032665888506,0.025493957194970468,0.008891491823856092,0.016501654452062715,0.0018419460728352499,0.01695375580770824,0.020322739882884133,0.00035051870516820467,0.006407792402035906
23,0.0289582527021911,0.0022259029458977183,0.09337032779517522,0.009938604450996171,0.019889106799952122,0.001970356008922659,0.019767646992492605,0.05439219532553484,7.5684938218243434e-06,0.01560261084000042,0.0004827396297406595,0.03894730278871139,0.13182831198657557,0.04589163101259548,0.08113737456702005,0.05390108866960234,0.05689486353826804,0.0016057948946170363,0.02240348605548431,0.22430583752501568,0.0033350330729805065,0.024837327708054444,0.008542468544537928,0.015879500809386493,0.0016662209814667344,0.016844475061296993,0.0192451707703069,0.0002447335242497178,0.0058840665051051715
24,0.02913452504513587,0.0019042751052377959,0.0944983820224672,0.008680533689403452,0.019335892200384466,0.0019185333542632147,0.018353918537372185,0.052466442267633806,4.658306041610715e-06,0.012815111298033042,0.0004071203213234231,0.0370242584697374,0.1338570232975576,0.04387183746638531,0.08183023964958154,0.05620170135948405,0.057597256784499194,0.001284179991214201,0.020004185523617386,0.23577919083143722,0.003242486688626005,0.02412388731456665,0.008248564481281341,0.015282955290482425,0.001514160267683174,0.01680016862018436,0.018232205083430483,0.00016924641205725503,0.005417060320878361
25,0.029425492369215073,0.0016256987846587358,0.095585055761781,0.007548372622790939,0.018888689761777978,0.0018816193384336864,0.016982686454319548,0.05037260094256024,2.8505544463240553e-06,0.010410613181858966,0.0003450411545408554,0.035076912810576795,0.13574341337082477,0.0418173674192942,0.08234398703520537,0.05881172186234342,0.0581484224808484,0.0010188724648631442,0.01770567863239722,0.24642205812584603,0.0031794589467739466,0.02335787108961218,0.008002595228206101,0.014710511058606641,0.0013817964291612628,0.016816274726180927,0.01727749961573979,0.00011601514075802005,0.005000822636378452
26,0.029826814279512753,0.0013847956298252326,0.09665322923581014,0.006537993179462495,0.018541247816048715,0.0018568693016032026,0.015662290769095057,0.04816121425739985,1.7347722700031816e-06,0.008373410467920207,0.00029375501749700545,0.03313321926587871,0.13752569807012924,0.03976418421334158,0.08267421196162944,0.0617480833745044,0.05854563780809096,0.0008022438145294718,0.015538919127065428,0.25609108900764976,0.0031423250299279417,0.022545297307992734,0.007797751153982247,0.014160973266842965,0.00126580077170422,0.016887963368060446,0.016374354591618515,7.889317008117801e-05,0.004629999970526164
27,0.03033240086216758,0.001176889878181052,0.09772711849601105,0.005643275662380355,0.01828827971690448,0.001841781720606758,0.014399365096454429,0.04588050612044205,1.0502523399333589e-06,0.006675444400087397,0.0002511104372878424,0.031217501750014694,0.1392436709350647,0.03774389411654564,0.08281920232347106,0.06502435796870512,0.05879039448853413,0.0006271624302929354,0.013527938861580371,0.2646633642583748,0.0031278959632828934,0.02169363067241809,0.007627569951902318,0.013633465715866178,0.0011633818768890052,0.017010107443187754,0.015516148554603837,5.3270384026575964e-05,0.004299819662376823
28,0.030934240503274143,0.0009978890570961664,0.09883229147807553,0.004856644759392443,0.018125562893713545,0.001834008808638352,0.013198866922224014,0.04357460386144622,6.327105165125329e-07,0.005281039436400046,0.00021541955891557466,0.029350178545020877,0.1409381067365845,0.03578324936261335,0.08277990070119841,0.0686496001056199,0.05888817834149354,0.00048706982437473397,0.011689177325028806,0.27203745038998345,0.0031332839337079267,0.020811397336465025,0.007485900359874401,0.013127411374621175,0.0010722020812554745,0.017177245163832358,0.014696644123286697,3.5749726279685006e-05,0.004006054579066935
29,0.03162217023098616,0.0008441871924998362,0.09999566765137284,0.004169568876966089,0.01804994480009715,0.0018312861496582846,0.012064173806014445,0.04128236061058972,3.793969575987761e-07,0.004151005039388912,0.00018535529292342727,0.027547746772031822,0.1426502591913058,0.03390399272174783,0.08255973077488535,0.07262694096722509,0.05884810866119914,0.00037604562926721986,0.010031472949567919,0.2781337986788894,0.0031557776024944695,0.019907781205019195,0.007366866641797307,0.01264249311063226,0.0009903088042140006,0.01738353827860674,0.013910192855554853,2.3869234127736158e-05,0.0037449768739793846
30,0.0323836158235676,0.0007125892704168032,0.1012454992860351,0.003573003504714481,0.018059279927159097,0.0018313825952719662,0.010997229690027019,0.03903673049660607,2.265018741143464e-07,0.0032458731005246206,0.00015987143670746589,0.025822961929377948,0.14442142882451134,0.03212297738555779,0.08216432978452091,0.07695194268450127,0.05868247109911673,0.0002888494697758829,0.008556632934121866,0.28289485103850165,0.0031927283107710653,0.018992228198513702,0.007264842406677995,0.012178601026598573,0.000916078101074867,0.017622731555364514,0.013151865368058737,1.587203193042129e-05,0.0035133062181204036
31,0.03320333838698258,0.0006002538623718128,0.10261133219452179,0.0030577662731157604,0.01815231373076718,0.001832072540393876,0.009998724054444455,0.036864605335969955,1.3466204012500918e-07,0.0025282122893062076,0.00013814074740750327,0.02418514726282297,0.1462925661292704,0.03045248620949725,0.08160122919311971,0.08161075386932459,0.05840617810699901,0.00022093399587227433,0.007260433665450407,0.2862851393492869,0.0032414491624620906,0.018074080521746173,0.007174441131202672,0.01173577234718063,0.000848168243242692,0.017888119873910858,0.012417528412302464,1.0522173045274597e-05,0.0033081562759423346
32,0.03406323319020373,0.0005046500491563357,0.10412394222835554,0.0026148383909372496,0.018328521233501396,0.0018311331061313053,0.009068287374006901,0.034787003273250766,7.974711810196098e-08,0.0019640870902641002,0.00011950695905109694,0.022640576338177676,0.14830386923677663,0.02890067621241815,0.08087952073115975,0.08657814896585757,0.05803618959169836,0.0001684290942394927,0.00613387611517561,0.2882915453028244,0.003299130277344857,0.0171622574676697,0.007090529197011336,0.011314129004341197,0.0007854814436624028,0.018172529995553494,0.01170388507446656,6.961426319812213e-06,0.0031269818833264784
33,0.03494223393551854,0.00042352477194485916,0.1058152413923473,0.002235593244487359,0.018587900711561293,0.001826368422392175,0.008204688546145224,0.03281950117322466,4.7051922645699805e-08,0.0015238045305307401,0.00010344758359647577,0.021192884650443063,0.15049433350965066,0.027472083612325966,0.0800095365958754,0.09181558230335782,0.05759092401455728,0.00012810153651665398,0.005164526235909704,0.2889237512221356,0.003362774830682149,0.016264993656868332,0.007008265185347917,0.010913817090250483,0.0007271320716748705,0.018468324391501034,0.01100848857690651,4.600775164485667e-06,0.0029675283771608226
34,0.03581637944005582,0.00035487722006285387,0.10771814478453699,0.0019119575573423619,0.018930716751589322,0.0018156618697641258,0.007406022997159096,0.030972815937098098,2.7664593507797925e-08,0.0011821214039079379,8.954502569031439e-05,0.019843478986394655,0.1529012117346385,0.026168137750455685,0.07900256281244651,0.09726943975246793,0.05708968709818619,9.729669976646324e-05,0.004337799741685178,0.28821478212676316,0.0034291615522234835,0.015389640345465132,0.00692316645103406,0.010534951320846739,0.0006724198653602455,0.018767434207702105,0.010329734991182834,3.0401248603168495e-06,0.002827783786720267
35,0.03665909759532298,0.0002969375820101762,0.10986638722723252,0.001636513500632545,0.019357182592403325,0.0017970546710187572,0.006669883448607595,0.029253458759766628,1.6212291160467014e-08,0.0009180812295598733,7.746409421670254e-05,0.018591924477824276,0.15555934706263252,0.024987646131724897,0.07787059530139366,0.10286972025244426,0.056552141680548784,7.386966059479723e-05,0.0036380921329314674,0.28622143416019136,0.003494839796895333,0.014542530798979903,0.006831200592114456,0.010177566685954398,0.00062080678320072,0.01906142733931017,0.009666836009968802,2.010125761218986e-06,0.002705934094466883
36,0.037441751115855466,0.000248148251786673,0.1122942768704325,0.0014025516500373013,0.01986706970744148,0.0017688456973884079,0.005993508423774473,0.027664405972786146,9.471615012588366e-09,0.0007146265796314735,6.693443229405791e-05,0.01743629796131869,0.15850034612939085,0.023927225715476213,0.07662614012724105,0.10852941700877297,0.05599783809297455,5.611236520831611e-05,0.003049698066591304,0.28302431836967,0.003556162751407826,0.013728906863391973,0.0067288954927371475,0.0098415786237229,0.0005718962735612955,0.019341615582763722,0.009019770112203352,1.3308082922817488e-06,0.0026003214822326115
37,0.03813446930008338,0.00020714627396696084,0.11503637257512919,0.0012040850002010776,0.020459233893181824,0.0017297031764155284,0.005373906247776224,0.026205747762114817,5.517579181264673e-09,0.0005581001613583264,5.773673240761908e-05,0.016373502351468876,0.1617515670230839,0.022981666720356564,0.07528205327091299,0.11414488239965889,0.05544581978451498,4.268224368283335e-05,0.0025575018744785276,0.27872723132025956,0.003609362492525795,0.012952900827941859,0.00661345754227974,0.009526752384630043,0.0005254139103887373,0.01959920195716576,0.008389209218743388,8.826587335461873e-07,0.002509405378959858
38,0.038707259625691534,0.0001727463657925473,0.1181270727954403,0.0010358337116245636,0.02113105279135104,0.0016787749282950067,0.004807954441848462,0.02487529047298405,3.2055597668381855e-09,0.00043771521206411684,4.969187327728689e-05,0.015399540642500894,0.16533490650987032,0.022144224433432193,0.07385141121060675,0.11959743944288807,0.05491431390307578,3.253603581636534e-05,0.0021474493515888007,0.273455599848183,0.0036506673178608186,0.012217564484049728,0.006482884076473167,0.00923268175005233,0.0004811885689157557,0.019825465739504528,0.007776418370048423,5.866879361375186e-07,0.0024317262032684116
39,0.039131354627928626,0.00014392425537867407,0.12160010618196639,0.0008931891986467808,0.0218777809997121,0.001615780886109585,0.004292476027773872,0.02366909918886036,1.8577108234177884e-09,0.00034504705896700437,4.265232505106613e-05,0.014509750441518806,0.16926538400753657,0.021406842087705623,0.07234740150936395,0.12475643591393357,0.05442051137854837,2.487106365958631e-05,0.0018068289614054536,0.26735383482845587,0.0036764571623894107,0.011524935925585632,0.006336053879567698,0.00895877692496594,0.0004391336040195089,0.02001197891924202,0.007183127982250507,3.908694866418652e-07,0.0023658719322596135
40,0.03938070805592477,0.00011980033346106303,0.1254879183425149,0.0007721648325701868,0.022691846752826792,0.00154107111428148,0.0038242953892569007,0.022581975123567466,1.0741469681232225e-09,0.00027357511605483433,3.6495331533195335e-05,0.013699001149146937,0.17354953708906232,0.020760314176783912,0.07078322226939915,0.12948382007608086,0.05398043597324037,1.907491442537396e-05,0.0015243994223034369,0.2605815586060718,0.0036834474826859514,0.010876134060406805,0.006172779566046463,0.008704261199413324,0.0003992278346977147,0.020150844161499364,0.006611381539021572,2.610103886254728e-07,0.002310448003187618
41,0.039433517097915545,9.962375825041568e-05,0.12982095509600278,0.0006693391268158104,0.023562138868282772,0.0014556351802663414,0.00340027704558295,0.02160786765138774,6.198113116459726e-10,0.0002182883414799757,3.111750175213432e-05,0.012961856485238064,0.178183665547345,0.020194404939914166,0.06917198044114901,0.1336401533343541,0.0536088970078172,1.4683560378660897e-05,0.0012904023596444147,0.25330882451815273,0.003668886573003197,0.010271470932592081,0.005993808404209318,0.008468175826117804,0.000361496498109012,0.02023494152474411,0.006063365573983945,1.7466015453279133e-07,0.0022640515255449066
42,0.03927362298348035,8.275720979194192e-05,0.13462684989365037,0.0005817959236878193,0.024473362952618222,0.001361054719498549,0.003017351035239921,0.020740224111913327,3.5700382116862905e-10,0.00017535646933966803,2.6430535528143667e-05,0.012292705335042146,0.18315198867851615,0.019697941321043036,0.06752658123571378,0.13709177959312252,0.053319516253719126,1.1347331714272952e-05,0.001096495701693295,0.2457105993347615,0.0036307469351909523,0.009710572681292147,0.00580076370103156,0.00824939244900767,0.0003259926658022083,0.02025816955526214,0.005541232679808688,1.1707626859527723e-07,0.002225251279258193
43,0.03889163797825411,6.86624907888054e-05,0.1399295313038428,0.0005070648949606763,0.025405577865704285,0.0012593995730805624,0.002672528627256321,0.019972282397305346,2.0531550509467243e-10,0.00014186296793110558,2.2357874704797617e-05,0.01168586408380481,0.1884248133090577,0.019258903358962395,0.06585960388927502,0.1397186690416041,0.05312481599642843,8.80382188375098e-06,0.0009356378966611968,0.23796090213306736,0.003567889116899893,0.009192501155263167,0.005596026582190616,0.008046632303523506,0.00029277985656452136,0.0202156661850832,0.005046931126180847,7.856669559955907e-08,0.0021925753977094053
44,0.03828566670775451,5.688713911813467e-05,0.14574827464881984,0.0004430646411826502,0.02633404991506344,0.0011530772704442611,0.002362911813672028,0.019297312195631973,1.1793326742626104e-10,0.0001155924443457255,1.8832118452362128e-05,0.011135653844858488,0.19395684717298092,0.01886453726791068,0.06418316232359347,0.14142227876251579,0.053036352681902016,6.8566733910241765e-06,0.0008019464862075239,0.23022706117816588,0.003480177136578102,0.00871586971782039,0.005382566540036628,0.007858491271155742,0.00026191668678689505,0.020103995989532258,0.004582055660355913,5.274660159281267e-08,0.0021645088471885236
45,0.03746153261175166,4.705217106748912e-05,0.15209672879693306,0.00038804983897882365,0.0272295726089536,0.0010446536767161584,0.002085699531724729,0.018708810958024236,6.767997283842354e-11,9.486406008596831e-05,1.5793072201971005e-05,0.010636456322791955,0.19968583110113772,0.01850151669037878,0.06250875239717656,0.14213265971372221,0.053064878992901084,5.35919846633739e-06,0.000690548206043429,0.22266454900991256,0.003368528488452086,0.00827894846672385,0.005163736752857685,0.007683469700158295,0.00023344434623236753,0.01992129243721219,0.004147732718805543,3.5397893320587e-08,0.002139502665016391
46,0.036432479189842285,3.884102551986685e-05,0.158981953338822,0.00034056323458605414,0.02805938165282846,0.0009366673139388508,0.0018381928799321066,0.018200660415250675,3.881955819698532e-11,7.840262717340193e-05,1.3186319696702778e-05,0.010182752478115354,0.20553169957415546,0.0181561748240233,0.06084709009908658,0.1418140205634257,0.0532205167500871,4.2018770463349595e-06,0.0005974322384078005,0.21541278499658184,0.003234888401094982,0.007879755814482697,0.004943055237936418,0.007520005710738938,0.000207377483829018,0.01966734628706774,0.00374454963131619,2.3724205737958378e-08,0.0021159962719889346
47,0.03521837941154013,3.19897347122334e-05,0.16640350165591336,0.0002993927969278064,0.028788737652776664,0.0008314600578762438,0.0016178008097488487,0.017767248941911278,2.226270954523614e-11,6.523983535874213e-05,1.0962220309244847e-05,0.009769148602451405,0.21139650518478897,0.017814823442241348,0.05920794703487932,0.14046805318443004,0.05351292371923138,3.302902151380726e-06,0.0005193137882584714,0.20859216911800274,0.0030821265844215256,0.007516134998835727,0.0047239942967064645,0.007366510510237084,0.00018369877680191873,0.01934363384366926,0.0033725320440302167,1.5864358471806365e-08,0.0020924529651670616
48,0.03384454290433339,2.627830967641907e-05,0.17435258110955898,0.00026353400060871246,0.02938314938930031,0.0007310427355277822,0.0014220469892375783,0.017403564338944022,1.2770983341973736e-11,5.463913227152404e-05,9.075242504161165e-06,0.009390394754670003,0.21716534811638366,0.017464163706257117,0.05759999094007707,0.1381345341374372,0.05395143917552809,2.601081666370678e-06,0.00045351182019088865,0.202302456733919,0.002913863860848961,0.007185815516186511,0.0045097982590925675,0.007221404087562086,0.0001623571014538542,0.018953281236866588,0.003031167746864569,1.0574362033800233e-08,0.002067406985899625
49,0.032340249268554104,2.1523298296692726e-05,0.18281131326826927,0.0002321569823969027,0.029811078271032708,0.0006370069148230682,0.0012485778413672674,0.01710526072402439,7.331281380222828e-12,4.6038904082543417e-05,7.4835516229810165e-06,0.009041400602027768,0.22270852446799583,0.0170917783643243,0.056030639931665745,0.1348890212945857,0.05454519578160344,2.0505384664458956e-06,0.0003978424559286576,0.19662243141494287,0.002734244461816034,0.006886460617176998,0.004303343994081568,0.007083149578261893,0.00014326889419267056,0.01850096343481648,0.0027194695415901308,7.019214641809259e-09,0.002039518575507716
50,0.030737152007824196,1.757144995785725e-05,0.19175210673828197,0.00020457817904876384,0.030046825508209023,0.000550485874236702,0.001095171232173499,0.016868702225688162,4.213464798859871e-12,3.9009655235209825e-05,6.148777681212361e-06,0.008717253415379767,0.22788503547310507,0.016686676917060602,0.05450593997075881,0.13083782290045115,0.05530318873169119,1.6167687815478606e-06,0.0003505280053491701,0.19161070739345332,0.0025476761486222265,0.006615702829316338,0.0041070514472432516,0.006950284631633257,0.00012632204296974712,0.017992739715050866,0.0024360657495304363,4.636210047284334e-09,0.0020076315708431464
51,0.0290676918184885,1.4294401619223996e-05,0.20113714607240563,0.00018023598713846095,0.03007319661648516,0.00047216033341150696,0.000959744965107979,0.0166909851368198,2.4254743286892036e-12,3.322180251368305e-05,5.035897466939742e-06,0.008413242189873481,0.23254747721772717,0.01623984746680032,0.053030475571549496,0.1261107684799343,0.05623429685612077,1.273718187372911e-06,0.00031012068652582365,0.1873074109794754,0.0023585637663787904,0.006371169962244331,0.00392284421595469,0.006821448296154854,0.00011138151339507664,0.0174358311174496,0.0021793050465542226,3.0448634993745134e-09,0.001970826836928516
52,0.027363635750963965,1.1584284998014335e-05,0.2109179962376607,0.00015866996756297956,0.029883504345383914,0.000402299383667528,0.0008403641315534186,0.016569939203472807,1.3990686745298412e-12,2.8421463897757875e-05,4.113175227174392e-06,0.008124890593747144,0.23654816247006752,0.01574475528483603,0.05160732386721065,0.1208525910946821,0.057347254036537766,1.001615533032102e-06,0.00027543960001532886,0.18373645582958995,0.0021710618630728156,0.006150504218131554,0.003752154241035725,0.006695402272688465,9.829589415317394e-05,0.01683834993702249,0.0019473626308688105,1.9872810805446687e-09,0.0019284646177389825
53,0.025654827683078984,9.35014346267353e-06,0.22103532625883093,0.0001395031328225111,0.029482538227229627,0.00034082468380123996,0.000735246444734873,0.016504107942446153,8.089854794014575e-13,2.441224213034572e-05,3.352117515706253e-06,0.007847999786362492,0.2397461332799818,0.015197722944743966,0.05023806120169759,0.11521388176824954,0.058650572373641206,7.853691576220271e-07,0.0002455193123473144,0.18090813457028987,0.0019888686017296223,0.005951376906029247,0.003595960881151515,0.006571045839629336,8.69041243444334e-05,0.016208996028949325,0.0017383369152596786,1.2884627684839056e-09,0.0018802099311105549
54,0.023968202837721247,7.515041048596553e-06,0.2314187687237585,0.00012242689169589404,0.028886294621187303,0.00028738610327612234,0.0006427648948636535,0.016492707422808263,4.690910346532602e-13,2.1041493162242943e-05,2.727409921784826e-06,0.00757870028913292,0.2420145407451856,0.014598133435100264,0.04892282891319252,0.10934256870269357,0.060152420626436484,6.133793667089747e-07,0.00021956836581749824,0.17882178699105686,0.0018150769037346016,0.005771500897154273,0.0034548531148818574,0.00644742427506113,7.704180961314657e-05,0.015556738627688685,0.0015503293198153296,8.297068637949786e-10,0.0018260373344491235
55,0.02232708964580225,6.013745691048694e-06,0.24198695152764063,0.00010718827429299879,0.028120488787793954,0.00024143884393932054,0.0005614473493341442,0.016535562877213045,2.7284708674006737e-13,1.8189950411120384e-05,2.2168156788588254e-06,0.007313510293537877,0.24324774028349158,0.013948416700019573,0.0476604606738025,0.10337671253280581,0.061860462201861074,4.7665893646774444e-07,0.00019693609523615684,0.17746835895742838,0.001652090638723846,0.005608642428220895,0.003329104047926414,0.0063237311152454685,6.854670998316336e-05,0.014890504468670176,0.0013815035393248743,5.306693435480922e-10,0.001766214306046142
56,0.02075079820995294,4.790874727837003e-06,0.2526477593602468,9.357911392404035e-05,0.027218098841576856,0.0002023147689212661,0.0004899730286311464,0.016633022789905756,1.5923179379406046e-13,1.5763866402112368e-05,1.8010276286064619e-06,0.007049396298802235,0.24336741520976707,0.01325380885518392,0.046448667970586804,0.09743913722165835,0.06378165637953816,3.681817984312613e-07,0.0001770862547884267,0.1768327240500088,0.0015016051298909552,0.005460633245941997,0.003218748667338538,0.006199305024675933,6.126316000998687e-05,0.014218892504317241,0.0012301241511307587,3.3717917971452e-10,0.0017012654753064988
57,0.01925447597748101,3.7994023131036373e-06,0.2632988983498207,8.142691585003485e-05,0.02621635662499297,0.00016928346980131173,0.00042716607196081793,0.01678585059736449,9.325229798110771e-14,1.3689051279824439e-05,1.4634747059364816e-06,0.006783830975609538,0.24232711725613637,0.01252190604284723,0.04528427395579443,0.09163410051785921,0.06592202480807834,2.8240110853203747e-07,0.0001595761157594449,0.17689569291370288,0.001364643747591725,0.005325383476856809,0.003123658199288961,0.006073622357714974,5.504533901033238e-05,0.013549932308957409,0.0010945770886023282,2.1291355748326305e-10,0.0016319223465045757
58,0.017849197162085384,2.9994439044222858e-06,0.27382884192145857,7.058719302453175e-05,0.025153660885420797,0.00014160103086927384,0.000371986635052851,0.01699509463735036,5.480834058284825e-14,1.190634820552072e-05,1.1900912310107909e-06,0.006514842744791132,0.2401147904822166,0.011762064125545466,0.044163480201965345,0.08604591673949838,0.06828638321150145,2.148933356779209e-07,0.00014403987412500761,0.17763567850456527,0.0012416371062975746,0.0052008950834764416,0.003043606914890018,0.005946286642413176,4.975943257774903e-05,0.012890897941021016,0.0009733760707029795,1.3368609728264914e-10,0.0015590645487331403
59,0.016542242363577132,2.357250134555024e-06,0.2841182257148978,6.093709244084135e-05,0.02406683836457906,0.00011854628586103588,0.00032352011775803823,0.01726193732396502,3.232928914567969e-14,1.0368202121124147e-05,9.690614712818382e-07,0.0062410517445575095,0.23675308860421443,0.010984714592235007,0.043082147050392566,0.0807392291249754,0.07087803646465854,1.6209620263252274e-07,0.00013017539456731418,0.1790300172049175,0.0011325289731102218,0.00508527538803159,0.002978329399422126,0.005817016219922871,4.528481133060157e-05,0.012248182639482737,0.0008651595557841058,8.352102988215933e-11,0.0014836588758356157
60,0.015337518730344411,1.8443589061713241e-06,0.29404173412541906,5.2370170393628056e-05,0.02298904770914575,9.944558380239904e-05,0.0002809651948068442,0.01758752465101131,1.913732036453874e-14,9.036062227263237e-06,7.905532963584746e-07,0.005961687579878733,0.23229755387924325,0.010200672517210838,0.04203606697485243,0.07576051180769267,0.07369843445868098,1.2111638339082118e-07,0.00011773350334752203,0.18105596665651214,0.0010368933714313268,0.004976749933459808,0.0029275679582069325,0.005685631155465343,4.1514400294493234e-05,0.011627233479057322,0.0007686823975029738,5.195817647340786e-11,0.0014067016194493009
61,0.014236069231451483,1.436868807265758e-06,0.30347048363668333,4.479219946003032e-05,0.0219484573565141,8.368776931355218e-05,0.00024362132381229283,0.0179727771260269,1.1366967876472665e-14,7.878419246061525e-06,6.464538442004086e-07,0.005676585420600662,0.22683294865724388,0.009420504421761587,0.041021211794238295,0.07114035752207083,0.07674678697053446,8.958868756322104e-08,0.00010650921611639699,0.1836914127551272,0.0009540498809322791,0.00487367389872631,0.002891110939397823,0.005552040336475726,3.835442827820626e-05,0.011032539993005295,0.0006828054593687439,3.22107558640542e-11,0.0013291683000534948
62,0.013236622273161615,1.1148081415416667e-06,0.31227486370819324,3.811790406828008e-05,0.020967678296661255,7.073136134165917e-05,0.00021087634301062013,0.018418183341573975,6.773330229462881e-15,6.869323443364599e-06,5.30117738134546e-07,0.005386158550159101,0.22046818459724163,0.008654006051275753,0.04003393817107366,0.06689615264918887,0.08001963822756486,6.55727336601499e-08,9.633443958532147e-05,0.18691532251890774,0.0008831678495886241,0.004774541358819235,0.0028688233741015474,0.005416229428695868,3.5723739110329136e-05,0.010467667369484138,0.0006064853386818378,1.991498614023606e-11,0.0012519732665324623
63,0.012336139494487574,8.615819779006172e-07,0.3203277505478194,3.226852623043748e-05,0.020063826432387865,6.010590558398579e-05,0.0001821946653092467,0.018923577899521364,4.0480412066646385e-15,5.98726367136547e-06,4.3613534759868516e-07,0.005091347260742431,0.21333036730918678,0.007909817746430426,0.0390711407909785,0.06303482568527549,0.08351040584922266,4.747635019159349e-08,8.707181275029147e-05,0.19070797837839915,0.0008233541976893433,0.004677991835689161,0.0028606715797155923,0.005278250106125212,3.3552824144228854e-05,0.009935323251225205,0.0005387653329761462,1.2289172204738258e-11,0.0011759400984692075
64,0.011530328922261312,6.634851199006656e-07,0.3275079684325553,2.717012067281828e-05,0.01924903703246266,5.140928587325355e-05,0.00015710644473750866,0.01948790660449275,2.4257272290222122e-15,5.214314711709442e-06,3.6012552864614724e-07,0.004793545909725265,0.20555847334548163,0.007195183473751289,0.03813034802865613,0.05955545126504856,0.08720889396503106,3.399751083973029e-08,7.860945255116425e-05,0.19505102451575626,0.0007737229852916618,0.004582813785688492,0.0028667433630203193,0.00513821073462499,3.178270555763585e-05,0.009437447169951001,0.0004787680094743375,7.574199963758407e-12,0.0011017825168870355
65,0.01081410119156096,5.09272442913761e-07,0.3337038421955844,2.2752472365468265e-05,0.01853124862087565,4.4302493101030226e-05,0.00013519795481031243,0.020108983925495618,1.4569479559270468e-15,4.535481916461218e-06,2.985546415469433e-07,0.004494511820599855,0.19729712129318963,0.006515842406843592,0.03720976001961722,0.056451580350474574,0.09110079607400559,2.4078732200038475e-08,7.085644211958927e-05,0.19992734866361803,0.0007334475356067801,0.004487944883906292,0.0028872652985255133,0.004996268493590219,3.036376849425058e-05,0.008975312777192277,0.0004256892553489916,4.665498369694416e-12,0.0010300946706739954
66,0.010181956712496975,3.897802698499149e-07,0.3388166665297857,1.8948522799110303e-05,0.017915099961754742,3.850303022649815e-05,0.0001161032904854396,0.020783250727516817,8.767709384481804e-16,3.938189657132823e-06,2.4858162432028056e-07,0.004196261320388336,0.18869081155147516,0.0058760309179338955,0.03630823337764277,0.05371323806323764,0.09516720916776204,1.686964932198977e-08,6.373895080089263e-05,0.205320814536154,0.0007017975628144269,0.004392469180501212,0.002922618320821149,0.004852622779506894,2.925461088978367e-05,0.00854963479917794,0.0003787934589129043,2.873715801057532e-12,0.0009613492028404405
67,0.009628300334931894,2.975938345565257e-07,0.34276391461853223,1.569418744653248e-05,0.01740282484301379,3.3777822460867395e-05,9.949739658386533e-05,0.02150554404843086,5.28433670758341e-16,3.4118740616771187e-06,2.079275304587664e-07,0.0039009593434059923,0.1798789094456437,0.005278567872235927,0.03542522007792864,0.05132858112677211,0.09938418639425084,1.1694965739743445e-08,5.7196908422914616e-05,0.2112158519140128,0.0006781645615751151,0.004295611410639316,0.0029733526051543588,0.004707509654423927,2.842095499219071e-05,0.008160674618245082,0.00033740942588985257,1.770802506648759e-12,0.0008959013428432845
68,0.00914768660214691,2.2675673202534312e-07,0.3454820201901475,1.2928447997064808e-05,0.016995072009396702,2.9936229670509742e-05,8.509034141984124e-05,0.022268894892586665,3.1883738303865745e-16,2.9476514496998683e-06,1.7476713755266484e-07,0.00361080953036465,0.17099154712404324,0.004724995998750075,0.034560670202800375,0.04928523875268759,0.10372236075138325,8.026142427655129e-09,5.118117625027601e-05,0.21759690427294234,0.0006620788991322048,0.004196728931493255,0.003040202442091888,0.004561197077302409,2.7834644855310824e-05,0.007808340258537323,0.0003009266927515412,1.0920214409979554e-12,0.0008339973286950983
69,0.008735002966196488,1.7251876738160953e-07,0.3469285915100459,1.0593610301523965e-05,0.016691613962191085,2.6823536245975878e-05,7.262269670430689e-05,0.02306437408757527,1.9249847799247593e-16,2.538042242037206e-06,1.4763987507092007e-07,0.003327951530932563,0.16214652920297243,0.004215755180490432,0.03371490937359557,0.0475713778850177,0.1081466766318247,5.4560338632730355e-09,4.565116758119859e-05,0.22444772846860656,0.0006532218482755821,0.004095301927761111,0.003124101545514053,0.004413980675181372,2.7472739278367968e-05,0.007492278147457678,0.00026879199827236125,6.741256313523446e-13,0.0007757856503850877
70,0.008385600596516857,1.3111890565584691e-07,0.34708394975441237,8.635632359853116e-06,0.016491935240818142,2.4315124562349578e-05,6.186185230549019e-05,0.02388100948992862,1.1624248787396086e-16,2.1767363939104296e-06,1.2537727264207528e-07,0.003054371307752484,0.15344724947099364,0.0037503681847128644,0.03288850188478996,0.04617654020228852,0.11261626909452507,3.676211523732479e-09,4.0572875207911275e-05,0.2317505378996742,0.0006514354133536748,0.003990922658169997,0.0032261989607542175,0.004266179857875617,2.7316699101705038e-05,0.007211955259955671,0.000240505774585373,4.1665445820809317e-13,0.0007213298561548163
71,0.008095383075836505,9.960016813669449e-08,0.3459519235488759,7.004444848466287e-06,0.016395708256306412,2.2311417351311317e-05,5.2599083883915116e-05,0.02470579939372949,7.017462581276606e-17,1.8583910255829156e-06,1.0704428040834173e-07,0.0027918287812099688,0.14498156303877274,0.0033276244212157337,0.032082109966578315,0.04509229782075773,0.1170845320132604,2.4569789161039174e-09,3.591726352654481e-05,0.2394849801113215,0.0006567323775677477,0.0038832845940440608,0.0033478754446839573,0.004118134137428445,2.735166057611877e-05,0.006966731128097748,0.000215618599845132,2.5785828423454766e-13,0.0006706219275708483
72,0.007860862817036065,7.565337930695873e-08,0.3435598721169265,5.654207582173054e-06,0.016403174463599856,2.0733593872171596e-05,4.46471982428504e-05,0.02552384602911584,4.2332243627519427e-17,1.5784542849347256e-06,9.189207189948375e-08,0.0025418053684382004,0.13682151092086714,0.0029457519937760982,0.03129635840574291,0.04431276999178541,0.1214994151333831,1.6301452797945621e-09,3.165898196517883e-05,0.2476269421669875,0.0006693086267391614,0.003772172312904423,0.0034907598486633557,0.003970199567344704,2.7565781824515218e-05,0.006755919754412609,0.00019372761011082363,1.5979868072435624e-13,0.0006235954786383104
73,0.007679193875560597,5.748669304977593e-08,0.3399579481245174,4.543466610935724e-06,0.016515452876376967,1.952003559619893e-05,3.783860039420867e-05,0.026318628779210908,2.5505824103190765e-17,1.3330118749717766e-06,7.932024489083846e-08,0.0023054721126724736,0.12902376227277962,0.0026025722013829585,0.030531712143006987,0.043835036073788726,0.12580398586984662,1.0745644956647764e-09,2.7775355151572336e-05,0.25614718240841317,0.0006895595252653164,0.003657452945327741,0.00365674462049375,0.003822745257260904,2.794964644633309e-05,0.006578841763016414,0.0001744729003809637,9.916269721505538e-14,0.0005801382530228053
74,0.007548188301770024,4.371786068401591e-08,0.3352176457894172,3.6351962134713417e-06,0.016734798740596676,1.862343049001045e-05,3.2023652835374296e-05,0.027072428723205737,1.534228059515091e-17,1.1186543329775824e-06,6.884664632504093e-08,0.0020836774090394125,0.12163062279349751,0.0022956336363711,0.02978837263239698,0.04365947172789663,0.12993728373916671,7.04332100220724e-10,2.4245604986648874e-05,0.2650097955039088,0.0007181019434666761,0.0035390698287878744,0.0038479990215260283,0.0036761499424971034,2.849570647427638e-05,0.006434867216920807,0.00015753395934807267,6.161517399544922e-14,0.0005401035759531583
75,0.007466321495681983,3.328627659012094e-08,0.32942970926028387,2.896726244449806e-06,0.017064834253379773,1.8008453393132396e-05,2.7069226897958424e-05,0.027766904338414087,9.209480914938623e-18,9.323642005267578e-07,6.008333969870156e-08,0.0018769519914617126,0.11467145473938095,0.002022325169392506,0.02906619687433697,0.04379002605701644,0.1338354831317088,4.5941950812618744e-10,2.1050261227920043e-05,0.27417052901531297,0.000755803448431587,0.003417038802512105,0.0040669779972620015,0.0035307985963803053,2.9197745753453675e-05,0.00632344947347298,0.00014262618535273568,3.8332238695518895e-14,0.0005033205634267711
76,0.007432730314757788,2.538196538505844e-08,0.32270150069456693,2.299567208438585e-06,0.017510771718355994,1.76499373979077e-05,2.2857374670144216e-05,0.028383803319599808,5.5143647837501585e-18,7.714227676815892e-07,5.271749511771043e-08,0.001685527953539538,0.108164362368038,0.0017799685415114883,0.02836464126690315,0.04423444722746904,0.13743336351890906,2.9844156726207614e-10,1.8170720613688875e-05,0.2835749841792331,0.000803820142131893,0.0032914472945851005,0.00431642381348135,0.0033870790713645227,3.005034412803002e-05,0.006244150279923651,0.00012949752717537677,2.3875329502687393e-14,0.0004696030037424511
77,0.007447205988150083,1.9388859705490397e-08,0.31515394725545726,1.8191528814912346e-06,0.018079648224303933,1.7531452917323978e-05,1.9284075366611417e-05,0.028905778883950385,3.292312281318296e-18,6.333361786326713e-07,4.6496208897851246e-08,0.0015093681524095503,0.10211801361905463,0.0015658921595556755,0.02768273086095528,0.045004452569367304,0.14066606546073082,1.9321259718738783e-10,1.5588919892943398e-05,0.2931567512988,0.000863644614143904,0.003162456025506606,0.004599356552238667,0.0032453787492752436,3.104832252238527e-05,0.006196656052588323,0.00011792528628165185,1.4887449898872565e-14,0.0004387569091751999
78,0.007510182198024483,1.4839950840846895e-08,0.3069182015413815,1.4345236823193038e-06,0.01878059026099465,1.7644213780500026e-05,1.6258030649019814e-05,0.029317262681918633,1.9592620482914054e-18,5.157804184849132e-07,4.121445113871717e-08,0.0013482023388460358,0.0965334913580811,0.0013774881600311613,0.02701905330660296,0.04611582556552443,0.1434710868561659,1.2474428130908866e-10,1.328709496283776e-05,0.30283555117064276,0.0009371654049171597,0.0030303028060697473,0.004919048347588442,0.0031060811774078394,3.218614921104323e-05,0.006180784951626478,0.0001077131092111663,9.29323057426214e-15,0.0004105867931057996
79,0.007622716957904734,1.1382160394396954e-08,0.2981321602603925,1.127974098841813e-06,0.01962512685993205,1.7986230611417956e-05,1.3699498757945674e-05,0.029605333025212368,1.1617754049144945e-18,4.165641494007894e-07,3.6705498681024704e-08,0.0012015666750957,0.09140609260401701,0.0012122549926614464,0.026371775747116306,0.047588405638317496,0.1457904483626303,8.036599826329953e-11,1.124760599849248e-05,0.31251547836748816,0.0010267391543961476,0.0028953075721106715,0.0052789748570310265,0.0029695626696059066,3.345728860414449e-05,0.00619648397026124,9.868819126607997e-05,5.807620227582373e-15,0.00038490076430971147
80,0.007786465097460825,8.749062218891928e-09,0.2889369900915724,8.846852618904036e-07,0.02062757091782937,1.856162895708624e-05,1.1539167610601047e-05,0.029760509108789034,6.862048989633957e-19,3.3360764355434204e-07,3.2833341014681516e-08,0.0010688438314574186,0.08672701932084242,0.0010678277725096558,0.025738682125350777,0.049445916270179205,0.14757293202890176,5.169226173502294e-11,9.452816163297558e-06,0.3220834698784988,0.0011352761057508434,0.002757877509344994,0.005682735994561003,0.002836188860912187,3.485347627622381e-05,0.006243814814588314,9.069870615808069e-05,3.6337227001481194e-15,0.0003615145492810419
81,0.008003636215902521,6.73986351397122e-09,0.2794738060933578,6.923601715445107e-07,0.0218054902275942,1.938004172012126e-05,9.717072938681598e-06,0.029777401306464547,4.036107671769584e-19,2.649353079652043e-07,2.948665214086063e-08,0.0009493014841428485,0.08248492773545904,0.0009419985302755982,0.025117227773638253,0.051715551859793145,0.14877627564266635,3.321227753293951e-11,7.885018316580274e-06,0.3314081532673831,0.001266338657937612,0.002618510916138177,0.006133936565621272,0.0027063112191412645,3.636390852401988e-05,0.0063229268777743805,8.361147105255572e-05,2.276665610028133e-15,0.0003402545589482238
82,0.008276930901539926,5.203318806116201e-09,0.2698806353685908,5.40874930171709e-07,0.02318029212265723,2.0455971648940587e-05,8.181570024341798e-06,0.02965515554325825,2.363388146813809e-19,2.086786572262381e-07,2.6574006091003644e-08,0.0008421276794232203,0.0786673236079723,0.0008327283041119749,0.024504607717085628,0.05442721328697401,0.14936918998803475,2.1325635693701084e-11,6.52640923874407e-06,0.3403392614210457,0.0014242509610913824,0.0024777983685781517,0.006636016442828889,0.0025802635327521212,3.7974342495724685e-05,0.00643401514483223,7.730985251937962e-05,1.4287449100530072e-15,0.0003209601110570249
83,0.008609445929959257,4.0254912695422924e-09,0.2602897764131374,4.2195522641029767e-07,0.02477794797478717,2.180800019279843e-05,6.888367628410571e-06,0.029397645931431675,1.377419946140833e-19,1.6308619328668094e-07,2.4020081389706636e-08,0.0007464621168925401,0.07526180796560664,0.0007381527982578374,0.02389783480144119,0.057612246715292,0.14933305987878104,1.3691406972603831e-11,5.359113598600158e-06,0.34870783468566335,0.001614214800890753,0.002336419823482054,0.007192019779745777,0.002458358406539086,3.9666115154898545e-05,0.006577260458191248,7.169191613017505e-05,8.984246269253346e-16,0.0003034849065114783
84,0.00900453728559296,3.120487259820741e-09,0.25082563332496827,3.2888364187092366e-07,0.02662988505810636,2.3457695912425074e-05,5.799631198893143e-06,0.029013392593605997,7.988403994048513e-20,1.2653658489059274e-07,2.1762653369952393e-08,0.0006614228986150016,0.07225719159671541,0.0006565831078032019,0.02329382355080269,0.06130150153856667,0.14866319465369512,8.79353859314025e-12,4.365259838722121e-06,0.3563274630551605,0.001842422836778537,0.002195136542019198,0.007804294173641214,0.002340883799942842,4.14151074121454e-05,0.00675274931770197,6.666882059280926e-05,5.663691514498654e-16,0.00028769783916763524
85,0.009465628644315112,2.4234702404163505e-09,0.2416030658508168,2.562403266694396e-07,0.02877407174616473,2.5428053644041372e-05,4.883160144825243e-06,0.028515207947617915,4.609189845272621e-20,9.755183161055834e-08,1.9750215574163666e-08,0.0005861286746482771,0.06964450756802253,0.0005865027906859298,0.022689475582981806,0.06552248606353225,0.14736951101574608,5.653301461024848e-12,3.527107438729552e-06,0.36299684644918123,0.0021161542431945846,0.002054777141216945,0.00847411459124159,0.0022280996337569353,4.319070494872893e-05,0.006960370407771664,6.216345603593835e-05,3.581702010780544e-16,0.0002734831953956616
86,0.009995953118943158,1.885410280169286e-09,0.23272625422375973,1.996772760505144e-07,0.03125631470323211,2.774128374628522e-05,4.111641417774662e-06,0.027919601033846265,2.645274908498746e-20,7.480771120207804e-08,1.7940104706247112e-08,0.0005197163899110928,0.0674179599197063,0.0005265623672914973,0.022081762500147324,0.07029537215917686,0.1454765606340941,3.640454369740796e-12,2.827220225847383e-06,0.3685039623839184,0.002443829639369114,0.001916217658728798,0.009201234393167274,0.0021202344688178894,4.495484030053617e-05,0.007199685508331535,5.810932487576281e-05,2.274036422120162e-16,0.00026074027284962134
87,0.01059821861702415,1.4691474646282344e-09,0.22428803561002408,1.5572480491480234e-07,0.03413176888984596,3.0415783542978688e-05,3.4619792360694073e-06,0.027245992025973956,1.5097592001868977e-20,5.7139648911238145e-08,1.6297029521950245e-08,0.0004613550147378198,0.06557585440423308,0.00047557214995019056,0.021467802486132354,0.07562759733269055,0.1430228553469545,2.3499866645198974e-12,2.248674597673346e-06,0.3726321158041113,0.0028349918472666494,0.0017803561949776283,0.00998337809306461,0.0020174822273498166,4.666124117025437e-05,0.007469773564852267,5.4449662009232386e-05,1.4508964282649082e-16,0.0002493824172739948
88,0.01127419335480988,1.1464452861828864e-09,0.2163696304183915,1.2162776945502958e-07,0.037466625323013474,3.3462180963533186e-05,2.914698735565383e-06,0.026515804826950814,8.567181193182694e-21,4.354308155084238e-08,1.479192407045286e-08,0.0004102557395736319,0.0641215646295872,0.00043249415081292775,0.02084492744603283,0.08150685702003616,0.14005949123078218,1.522053931013092e-12,1.7752860667396288e-06,0.37516808888001524,0.0033001670374734047,0.0016480833966786297,0.010815708395750833,0.0019199988899329201,4.825505498119775e-05,0.007769048699207752,5.1136788177331804e-05,9.312889304206953e-17,0.00023933544128375967
89,0.012024219216150484,8.957870708064807e-10,0.20904064489108412,9.520850993091737e-08,0.04133987627829206,3.687846771753727e-05,2.4534197366667027e-06,0.025751512733795702,4.832286958852495e-21,3.316827816742464e-08,1.3401060919293199e-08,0.0003656791523637448,0.06306459520689289,0.0003964336857040507,0.020210738485884176,0.08789240284418078,0.13664812518597722,9.901680495463923e-13,1.3918338120286672e-06,0.37591248782872916,0.0038505487562065545,0.0015202506698916958,0.011690323444393219,0.0018278990678933743,4.967306326145609e-05,0.00809505605846768,4.813168552453445e-05,6.021143458070001e-17,0.0002305353494146271
90,0.012846677607551125,7.007283973415001e-10,0.20235921377072214,7.475326806869456e-08,0.04584494674294804,4.0644457710149126e-05,2.064395698952923e-06,0.024975710104728117,2.7084778426174083e-21,2.5310304723379452e-08,1.2105371222267872e-08,0.0003269399130154325,0.06242181335110451,0.0003666311796205021,0.019563148910594002,0.094704803824725,0.13285840926475243,6.477701481232243e-13,1.0842619905709423e-06,0.37469217577514624,0.004497438181344719,0.0013976384602643352,0.012595867067598625,0.001741252334584653,5.084473090492435e-05,0.008444253767302084,4.5403777155509704e-05,3.92650905802186e-17,0.0002229252502177587
91,0.013737454857193286,5.486645814838859e-10,0.19637213552007632,5.891886007950344e-08,0.051090802879070654,4.471612132372247e-05,1.736112260231033e-06,0.02421027269786418,1.5080101668588598e-21,1.9395306838827045e-08,1.0889926316448286e-08,0.0002934094073699458,0.06221893243013374,0.00034245457982363654,0.01890041576399893,0.10181472947725292,0.12876503390939156,4.267141998102258e-13,8.398388682197549e-07,0.37137436617863323,0.005251372535115809,0.0012809271313800998,0.013517360225194558,0.0016600792144201263,5.1694339075751245e-05,0.008811794852187575,4.293088292377942e-05,2.5863502701404722e-17,0.00021645129325739335
92,0.014689479281811793,4.299075027286767e-10,0.19111485504300635,4.6656573207728377e-08,0.05720187809589974,4.9020726914316346e-05,1.4589394686816207e-06,0.02347565284541604,8.336927712726958e-22,1.4964508687887865e-08,9.74354038601238e-09,0.000264516813927935,0.06249234514226636,0.0003233926846577909,0.018221163273587675,0.10903190915315313,0.12444456746067711,2.8344338993067173e-13,6.472600564007865e-07,0.3658815275640513,0.006120886371148938,0.0011706728633439829,0.014436377174337257,0.001584346792508702,5.214440710452808e-05,0.009191329560605739,4.069931282995582e-05,1.7232697131414248e-17,0.00021105743841313726
93,0.01569242353668256,3.3699274535384917e-10,0.1866111691017008,3.715053122116042e-08,0.06431577404664794,5.345407829686769e-05,1.2248318486785056e-06,0.02279033543517795,4.574113307377788e-22,1.1657312357825015e-08,8.65845593922004e-09,0.00023974895652830285,0.0632914188682607,0.00030904958470552677,0.017524404387172086,0.11609621086229498,0.11997230302854976,1.90123096430862e-13,4.966892824706715e-07,0.3582057476673555,0.007110884627706056,0.0010672905856259677,0.015331683061805644,0.0015139640382033058,5.21204989157107e-05,0.00957485538865143,3.870404962808448e-05,1.1631119966061121e-17,0.0002066788714771419
94,0.016732673512071746,2.641581460910567e-10,0.18287257425382497,2.976809222289941e-08,0.07257719833041876,5.788131304277439e-05,1.0270707258023232e-06,0.022170459417855753,2.4890624950550533e-22,9.194689548523643e-09,7.630073730372947e-09,0.00021864924786829993,0.06468137703615287,0.0002991402634349152,0.01680956981213666,0.12267369718550897,0.11541933421221397,1.2896149460542246e-13,3.7973775021322845e-07,0.34842070551137627,0.008220667520488943,0.0009710453042486945,0.016180407608234557,0.0014487771491639174,5.1557321494346716e-05,0.009952648400519367,3.6948967076776806e-05,7.962741586417305e-18,0.00020323396724878702
95,0.01779364582134679,2.0694992935914142e-10,0.17989725579936955,2.4020166488987415e-08,0.08212605131466841,6.21425167007019e-05,8.600437075941669e-07,0.02162958951171625,1.3423579214556746e-22,7.363761188457944e-09,6.656686733034052e-09,0.00020081595155643935,0.06674688852759637,0.00029348717906481397,0.01607655730804671,0.12836137393445482,0.11085007904160045,8.857687847132838e-14,2.893898159614536e-07,0.3366890462402934,0.009441736183385771,0.0008820523780514628,0.016959743470456427,0.0013885655279710313,5.040576191681935e-05,0.010313313881530726,3.544703321513364e-05,5.535598236553595e-18,0.00020061493588153977
96,0.018856478093130454,1.619238643344867e-10,0.17766884013112108,1.9529651313971802e-08,0.09307714592023862,6.606363876894226e-05,7.190568026474441e-07,0.021178605586917136,7.168442316257606e-23,6.004132522655855e-09,5.739174516768814e-09,0.00018589990158474873,0.06959645347202005,0.00029201728885534036,0.015325816738938083,0.132704806850871,0.10632045850374922,6.167719603965377e-14,2.1988732121844616e-07,0.32326293606194545,0.010755616413956417,0.0008002864569430914,0.017649030997090365,0.0013330393922617123,4.864020650187504e-05,0.010643995751851165,3.4220459604290886e-05,3.911066074455328e-18,0.00019867775458311132
97,0.019901016488539362,1.2641722459048783e-10,0.17615520943136986,1.6006462127656725e-08,0.10548910182265507,6.947185356479404e-05,6.001752817758966e-07,0.020825663908260402,3.786821626309699e-23,4.996247849311228e-09,4.880611227008233e-09,0.00017360171480141406,0.07336757452213498,0.00029475839354989265,0.014558487094709258,0.13523231685909576,0.10187691269946447,4.3579623310885666e-14,1.6658698435164838e-07,0.30847608066932075,0.012132047110705901,0.0007255980265063383,0.01823194624351371,0.0012818404469685364,4.6265199036975064e-05,0.01093078121511858,3.3300770365060835e-05,2.8097234556103653e-18,0.0001972327582708291
98,0.020906896739945963,9.837349452447218e-11,0.1753078991437114,1.3227889075029418e-08,0.1193211047648896,7.221287059980094e-05,5.000899531803389e-07,0.020576175696134475,1.9767584378258676e-23,4.251784804800433e-09,4.085740033124006e-09,0.0001636684144668554,0.07823248274003713,0.00030183275426496665,0.013776597754347156,0.1355074124520911,0.09755640104566336,3.1267056458386507e-14,1.2580489742018666e-07,0.2927266165691389,0.013527962029403031,0.0006577358884890503,0.018698390534736348,0.0012345474073912391,4.33203001962724e-05,0.01115932824696343,3.272875819479486e-05,2.052499220325619e-18,0.00019603833066593064
99,0.021854394972278222,7.620632729400958e-11,0.17506282433351897,1.1023224791493006e-08,0.13437922864458784,7.416636434542163e-05,4.160059548616505e-07,0.02043274531708855,1.0185793618006226e-23,3.705936036264073e-09,3.36027456709726e-09,0.00015588926001836002,0.08440376611414226,0.00031344453415340035,0.012983334003379367,0.13319687940417138,0.09338747399193005,2.278721927062059e-14,9.466003530390463e-08,0.27645193782563204,0.01488771740110876,0.0005963734818472739,0.019045643704116086,0.0011906882630572965,3.9881978527165e-05,0.011315726057343847,3.255423002836843e-05,1.5238247409523971e-18,0.00019480128707077346
100,0.02272466936116403,5.869269826820831e-11,0.17534321769403824,9.261793881607757e-09,0.15025943457610086,7.525541134342701e-05,3.4555140752152426e-07,0.020395014935050665,5.175923257496278e-24,3.3113232289087815e-09,2.7100117586046255e-09,0.00015009047349105094,0.09213852827673084,0.00032985566268989704,0.012183342592293336,0.12814544496366387,0.08939240721799786,1.6870049805639667e-14,7.092565976220595e-08,0.2600983630592828,0.016144958422630973,0.0005411367066931891,0.0192784349889155,0.0011497607377967966,3.6061541987120764e-05,0.01138756808056648,3.283526988900818e-05,1.1485135797334809e-18,0.00019318820876829256
101,0.023499085692442738,4.4887917353943294e-11,0.17606555942154012,7.843670809605421e-09,0.16630173066174198,7.544711528453483e-05,2.8670332552273525e-07,0.020459378501576957,2.5921587706586782e-24,3.033242916982038e-09,2.1397898442126293e-09,0.00014612851047600563,0.10173860449161366,0.00035134234339808713,0.011383016430418289,0.12044035050234965,0.08559023918624438,1.2683957674693258e-14,5.289448187015618e-08,0.2440900439083845,0.0172263617897964,0.0004916308227158194,0.01940781251346706,0.00111126113556123,3.199852861980511e-05,0.011365168139995217,3.363641077219956e-05,8.772149870352906e-19,0.00019085123418978128
102,0.024157561414901173,3.405745645235628e-11,0.17714877106336158,6.692504600129649e-09,0.18157683970107846,7.474435903927422e-05,2.3772813556002148e-07,0.020618560868186604,1.2793730627713954e-24,2.845941861518646e-09,1.6524028545329625e-09,0.0001438816038758605,0.11354290393553843,0.0003781222652209917,0.01059065596103483,0.11044366559644408,0.08200034692389256,9.680342906873286e-15,3.926107072692447e-08,0.228802102001986,0.018057242154520477,0.0004474640371111982,0.0194490049409176,0.0010747195306483614,2.7849625161785563e-05,0.011242782564660393,3.502460343030219e-05,6.772329216385325e-19,0.0001874686348672846
103,0.024676265965124126,2.5622527756424726e-11,0.17852596124005074,5.749980356503618e-09,0.19492835758083482,7.31719613379685e-05,1.9713414551972583e-07,0.020861112143109543,6.228107903829436e-25,2.7296525833308333e-09,1.247671449605555e-09,0.0001432395692351092,0.12790641056675095,0.00041024219390829676,0.009816378093052202,0.09877164424884122,0.07864596636989776,7.49418883294042e-15,2.902345428286002e-08,0.21454229657715715,0.018568689615882435,0.00040826561093128,0.01941876814103876,0.0010397363817760974,2.3774069498117713e-05,0.011019627741908435,3.7061300922182595e-05,5.267126210227766e-19,0.00018279471820859336
104,0.025025497447029192,1.911788275725385e-11,0.180156735674706,4.971543289076815e-09,0.2050847236991759,7.076306037407953e-05,1.636334783918838e-07,0.021170942460519402,2.9964091425680986e-25,2.66818404101791e-09,9.219234340585512e-10,0.00014409231238684205,0.14515949554040472,0.0004474198389163224,0.009071660260613948,0.08621297105074267,0.07555689681725618,5.880295209065373e-15,2.140482520210709e-08,0.20154360433033505,0.01870556106919248,0.00037369679495491095,0.019332880859460413,0.001006013124509672,1.9917528726917204e-05,0.010700438910919019,3.978865038077614e-05,4.1094781551070337e-19,0.00017670695031751237
105,0.025168952285039802,1.4161075545657475e-11,0.18203703762635062,4.323093699489666e-09,0.2108353401462999,6.755203810660266e-05,1.3611138635347624e-07,0.0215271065239398,1.4294590928369832e-25,2.646960091281293e-09,6.680946572821526e-10,0.00014631804253631618,0.165542310687487,0.0004888465771673918,0.008368487741753609,0.07360004517590646,0.07277064058809064,4.672197212273031e-15,1.5795108595991488e-08,0.18996742259043592,0.018434353611723915,0.0003434537550846778,0.019204414347010704,0.0009733686557471988,1.6397334640984813e-05,0.010295349857935536,4.320828084815747e-05,3.2002551702430845e-19,0.00016923457508563486
106,0.025065691030801338,1.0432223783054106e-11,0.18420334076816705,3.778432165162205e-09,0.2112405804948184,6.357818036814426e-05,1.136013965559213e-07,0.021904114946522578,6.793185936549482e-26,2.651526834729706e-09,4.764944432545437e-10,0.00014977268855551043,0.1891139481573289,0.000532982008744831,0.007718204169014624,0.06166957659991595,0.07033149883588558,3.755562918172833e-15,1.1710452814045066e-08,0.17991451193527114,0.017749809801102044,0.00031726283575604706,0.019043145081676007,0.0009417360963860253,1.329219077865736e-05,0.009819012244051168,4.725329390607691e-05,2.4730973132709016e-19,0.0001605564122112619
107,0.0246756630431446,7.662331695235932e-12,0.1867291330857933,3.3172919992187242e-09,0.2058281759620663,5.889996906246209e-05,9.526522697214888e-08,0.02227306221482867,3.234090658879336e-26,2.666687375111171e-09,3.360455600723182e-10,0.00015428224363165738,0.21564626883295773,0.0005774060538756832,0.007130291773428107,0.05095630024419369,0.06828762875790244,3.0508677755462513e-15,8.766788199662937e-09,0.17143917798696406,0.016679048274494054,0.0002948697915349463,0.01885609360421453,0.0009111395576511737,1.0638595515670599e-05,0.009289084999288927,5.175840580965756e-05,1.8843942171417735e-19,0.00015096624393697486
108,0.02396858496881441,5.627249175248153e-12,0.1897136507548357,2.9238394331899627e-09,0.19472656461170976,5.361477646026863e-05,8.037669893062211e-08,0.02260377396626086,1.551870511964033e-26,2.676510875190369e-09,2.356363874141608e-10,0.0001596396153242061,0.24452730850889798,0.0006188273483374642,0.006611356930004565,0.041749209445882444,0.06668658514044498,2.5020449037662446e-15,6.6624316946118595e-09,0.16456216417457883,0.015282030041732009,0.00027602560517204204,0.018648811001820136,0.000881656691401938,8.43434937134809e-06,0.008724413009990377,5.643924807410756e-05,1.4062587641468522e-19,0.0001408169301395875
109,0.02293442299674011,4.144121964497841e-12,0.19326483406154382,2.5855511226896332e-09,0.17869703852284188,4.787475181782116e-05,6.83089590787052e-08,0.022867949650319262,7.549569863751736e-27,2.6654071529371315e-09,1.6521986907485343e-10,0.00016560704005248036,0.2747139791369122,0.0006533511912356315,0.006164535147666196,0.034111568341493766,0.06557021245409478,2.0690103809707636e-15,5.165077741858673e-09,0.1592792654330011,0.013647298227868967,0.0002604719327071153,0.01842684886319692,0.0008533767058315066,6.647433266103166e-06,0.008143280924918698,6.089678262560053e-05,1.021128190106712e-19,0.00013046150750499518
110,0.021592226655701808,3.067964803508756e-12,0.1974797123032608,2.2923963160088327e-09,0.1590445160630818,4.1888978748934495e-05,5.852432356860598e-08,0.023042907915353385,3.741694355580669e-27,2.6201727909568617e-09,1.1645132284691595e-10,0.00017192424562539803,0.30477759924362796,0.0006770520800490606,0.00578939517352961,0.027942018341962572,0.06496984127047421,1.7227203429229289e-15,4.100199653954132e-09,0.1555650663858821,0.011882448278415053,0.0002479291060000284,0.01819690030014135,0.0008263637234817757,5.227279944704656e-06,0.007562046376501625,6.466123007053251e-05,7.172982943603442e-20,0.00012020739153397387
111,0.019993484303388636,2.2872854839260655e-12,0.20242575537983074,2.0362611870991002e-09,0.1374114918623371,3.590600096908738e-05,5.056607170825996e-08,0.023115122881091653,1.8955936768933966e-27,2.532433123183776e-09,8.286209561294136e-11,0.00017832129829084797,0.3330659369382682,0.0006867628973335374,0.005482290791061255,0.023046719700618477,0.06490264605805018,1.4418936637438735e-15,3.339852404957196e-09,0.15337340893151855,0.010100069592268699,0.00023808918786303627,0.01796732810984416,0.0008006324959659713,4.115500660112891e-06,0.006994291357751511,6.727678502622938e-05,4.853074731407653e-20,0.00011029136809275072
112,0.018217389872913405,1.7188029028063586e-12,0.20812643716397602,1.8105582637184795e-09,0.11549464165572555,3.0179044396417857e-05,4.405154119706079e-08,0.023082491783690155,9.831668954022284e-28,2.4004820761875206e-09,5.970380940320984e-11,0.00018453364874885085,0.3579593349579884,0.00068083562717652,0.005237034043857402,0.019200224443737757,0.06536983029294174,1.2108322813673357e-15,2.7921589821850993e-09,0.1526373447319305,0.008401837783668587,0.00023061585312100284,0.017748069187307355,0.0007761393567771802,3.2541533899768534e-06,0.006450475316999844,6.840563002151526e-05,3.1549807065144925e-20,0.00010087433546758867
113,0.01635846815896614,1.301853112337389e-12,0.21455345472587872,1.6099666092088803e-09,0.09475929254737334,2.4925089530527265e-05,3.866586510771391e-08,0.022954461504298557,5.21968994299138e-28,2.2295533450719526e-09,4.363148937575433e-11,0.00019031595795087003,0.3781462080449495,0.000659561487714149,0.005045744617420598,0.016185858959482158,0.06635700358212888,1.0179570607693845e-15,2.3921277472068325e-09,0.15327109326992877,0.0068649868673027956,0.00022515163306128816,0.017550105633942163,0.000752787306282253,2.5909194034894955e-06,0.005937984067874655,6.791096684004001e-05,1.9707831691254693e-20,9.204971722395668e-05
114,0.014510470527579786,9.93115340517304e-13,0.22162661488315183,1.4302515269717022e-09,0.07623736475204425,2.0292816461836942e-05,3.4155678813930855e-08,0.02274982910925409,2.8322898199873577e-28,2.0302190361490374e-09,3.2356235447950985e-11,0.00019545166886269035,0.3928219136462375,0.0006250545441382056,0.004899737364245057,0.013816498073326551,0.0678366431311427,8.547960618765571e-16,2.0942177248026938e-09,0.15517515562781978,0.005535122958911583,0.00022133122786663798,0.01738477311656709,0.0007304410098769311,2.081516618606016e-06,0.005461443994063229,6.58818107529495e-05,1.185713059496742e-20,8.385847736137506e-05
115,0.012752079507972866,7.620725897953186e-13,0.22922049301041783,1.2681202146070958e-09,0.06046120943984516,1.6350121408053865e-05,3.0322249016489463e-08,0.022492908368428113,1.5670107751430714e-28,1.815548277639537e-09,2.433993306054604e-11,0.0001997571352079474,0.4017475326500296,0.0005806575646531425,0.004790324906732533,0.011941179473577916,0.06977196500292755,7.152457746854338e-16,1.86668538778587e-09,0.15824396235208213,0.004426884596484545,0.00021879772618201522,0.017263148391718566,0.0007089458450371361,1.6901324853286703e-06,0.005023182806678261,6.259053375716594e-05,6.901058263740521e-21,7.630513666864645e-05
116,0.011138603743240862,5.873706009068605e-13,0.23717533202495056,1.1210839397717242e-09,0.047525398644250406,1.3092130835348114e-05,2.7013821971304826e-08,0.022209295683646022,8.815644737591029e-29,1.5981951526521524e-09,1.8557655434609617e-11,0.0002030814204486215,0.40517211875431136,0.0005301449751500704,0.004709439476105785,0.01044346061987739,0.07212113378447031,5.949920983403993e-16,1.6874734370586512e-09,0.1623741793278539,0.0035307492811685252,0.0002172177198671313,0.017195665532925675,0.0006881454578842957,1.3887033627323371e-06,0.004623741841072691,5.8407976422353086e-05,3.907511737239326e-21,6.937146243565551e-05
117,0.00970062621627648,4.5405643668047596e-13,0.24530911337571115,9.873147747777114e-10,0.03722139408273143,1.0462181717026023e-05,2.4117445191928014e-08,0.021922375395672784,5.029201735161266e-29,1.3883821513231755e-09,1.4326451802497766e-11,0.00020530423238609427,0.40367634797250035,0.0004770293335267535,0.004650024922430248,0.009236038508728318,0.07484075729744263,4.910310656757801e-16,1.5412988774984698e-09,0.16747163386518846,0.0028224048009267313,0.00021629208349717495,0.01719200525511283,0.0006678943508815855,1.1556917108518536e-06,0.004262370342053893,5.371547527467591e-05,2.165717259172991e-21,6.302656700847276e-05
118,0.008447767556125071,3.5157753998613283e-13,0.253428442738493,8.65499369721247e-10,0.029181746730553213,8.37576636092526e-06,2.155084722065066e-08,0.021651145078023494,2.9022413304522207e-29,1.1930940845892388e-09,1.1188120269022953e-11,0.0002063342703834803,0.39800679482513873,0.0004241443534509468,0.004606205882451502,0.008254458848691233,0.07788802558287718,4.0126662401517133e-16,1.4176150768199413e-09,0.17345561089341632,0.0022713657993936316,0.00021576112478260663,0.017261222487194715,0.0006480646687622405,9.74777261320081e-07,0.003937457329177587,4.884270302336385e-05,1.1819837783046098e-21,5.723354584348764e-05
119,0.007374716023192427,2.7238427459460475e-13,0.26133721287879846,7.546992979100115e-10,0.022992943915318295,6.7402782511898875e-06,1.9255007316745034e-08,0.0214093386116125,1.6905959502869204e-29,1.0162321012862933e-09,8.831583825089469e-12,0.00020610908257699957,0.3889462287295423,0.0003735114331896248,0.00457328424874527,0.007451374765040278,0.08122139258559752,3.241823216055988e-16,1.309190428344989e-09,0.18026034589883902,0.0018470796058354779,0.00021540474292132636,0.01741204016991623,0.000628548305534875,8.336763838783424e-07,0.003646879932862563,4.4039328284462267e-05,6.386280651783643e-22,5.195344332371266e-05
120,0.006467219055788764,2.1098070236955567e-13,0.26884313678282584,6.542275195715353e-10,0.01826482696693131,5.467865427868732e-06,1.7187852637342322e-08,0.021205477031121824,9.923373646536341e-30,8.592678622127136e-10,7.0424937508518425e-12,0.000204596303941233,0.37723346150919523,0.0003264002801170999,0.004547629415960804,0.006791911764803741,0.08480009251852677,2.585888138051563e-16,1.2111174075604199e-09,0.18783430361820042,0.0015223152193477156,0.00021503929318673353,0.017653236725388318,0.0006092561900915883,7.231678755587123e-07,0.0033882657389677734,3.947319348294399e-05,3.4313093100395224e-22,4.714743909939969e-05
121,0.005706837088431409,1.6329114352626363e-13,0.27576279574684653,5.635468419488034e-10,0.014663130878559718,4.48194538609969e-06,1.531924344077538e-08,0.021043416211805156,5.8610258970681684e-30,7.220121699026191e-10,5.67077650242387e-12,0.00020179543472070583,0.3635252952891461,0.0002834800689317649,0.004526521369371273,0.006250191670455098,0.08858293458479523,2.0344607256898808e-16,1.1201216104221634e-09,0.1961380868672518,0.0012744755705782897,0.0002145129529247297,0.017994074313796644,0.0005901163956887904,6.363289643519258e-07,0.003159178607397621,3.524297259388471e-05,1.839946709972609e-22,4.2777971596517346e-05
122,0.0050741757214209015,1.2624029210482174e-13,0.2819258821555389,4.82192155440778e-10,0.01191786132479313,3.719264488153962e-06,1.3627182404963668e-08,0.020923063721382595,3.479184619057915e-30,6.032827493635087e-10,4.60970324682922e-12,0.00019773916320008043,0.34838604491302294,0.0002449870912188267,0.004507987023711964,0.0058068442810682575,0.09252679063893456,1.5775370182533926e-16,1.0340795704910437e-09,0.20514170888968705,0.0010856523177141598,0.00021370092050112204,0.01844473920880121,0.0005710721214627915,5.679534356565313e-07,0.0029572427763420225,3.1395487173478384e-05,9.873638195805168e-23,3.8809274629326943e-05
123,0.004550805098646777,9.747363592323177e-14,0.28717908426976624,4.097152940865669e-10,0.009818897208568319,3.129400717286935e-06,1.2095062203384153e-08,0.02084107847619501,2.073729419633354e-30,5.0139790757943e-10,3.782266684672749e-12,0.00019249342868081758,0.332291574652795,0.00021087087837488858,0.004490651450162437,0.005447276484074204,0.09658508652798346,1.2049802503115561e-16,9.516811801087054e-10,0.2148217101732473,0.0009420769391107309,0.00021250119304752515,0.019016785422602826,0.0005520800254382234,5.141155726585818e-07,0.002780220651066478,2.794203646101156e-05,5.313137967601496e-23,3.5207605752336004e-05
124,0.004120231111975881,7.516850982302457e-14,0.2913897746409961,3.4564979178860766e-10,0.008206475738859355,2.673098718380314e-06,1.0709731228916204e-08,0.020791479837453337,1.2400598563672238e-30,4.145023433916467e-10,3.132185583875593e-12,0.000186155751801091,0.3156390806642596,0.00018090644643541795,0.004473612057279639,0.0051604883457979965,0.10070650380095457,9.0641800258215e-17,8.721915584248381e-10,0.2251583598039018,0.0008333782949528181,0.0002108312053283995,0.019723585509709245,0.0005331090090101012,4.7184603180692295e-07,0.0026260576986136797,2.4871476319813886e-05,2.871030452791686e-23,3.194131631855182e-05
125,0.0037682604840751674,5.79033998623382e-14,0.29444943699034304,2.8949217351769355e-10,0.006960800884450559,2.320275364788124e-06,9.460174356028241e-09,0.020766162022771893,7.434316312961813e-31,3.407616460740918e-10,2.617862027875569e-12,0.0001788517048535315,0.2987578327002028,0.0001547738102047776,0.004456336037722684,0.004938272001976877,0.1048340235417872,6.714169413619654e-17,7.952808681382151e-10,0.23613301083646737,0.000751859471058226,0.00020862533145117606,0.020580799190294954,0.0005141393605164863,4.388917086702457e-07,0.0024929050060194446,2.2159729962180646e-05,1.5593183887778008e-23,2.8980840383428466e-05
126,0.003483017860549115,4.456492906744976e-14,0.29627663214187494,2.4069629440455325e-10,0.005992709765826823,2.048124029736192e-06,8.33664270153903e-09,0.020755343209475217,4.465537709480483e-31,2.784654689664495e-10,2.2082487319870505e-12,0.00017072969562298825,0.2819187993679717,0.000132111034167553,0.004438577995791344,0.004774676192351862,0.10890439895790084,4.8979766829897625e-17,7.209004322540843e-10,0.2477255804160763,0.0006918817778135821,0.00020583312123793445,0.021606872960900685,0.0004951621014197492,4.135378563242593e-07,0.0023791272630291497,1.977625509398512e-05,8.51670123843509e-24,2.6298642052325397e-05
127,0.003254787161278781,3.4279647670526734e-14,0.29681925615520544,1.986773491872253e-10,0.005236031611425003,1.8394928891575287e-06,7.33010510939497e-09,0.020747989104279798,2.6859269961014703e-31,2.2607227029297205e-10,1.879973700915817e-12,0.00016195446791119475,0.26534260567812484,0.00011254782703843962,0.0044203138782196545,0.004665657597716616,0.11284811797541004,3.519774324164686e-17,6.491905270766593e-10,0.2599120799171657,0.000649377012584972,0.00020241810868971792,0.02282358380027927,0.0004761783849693432,3.9447603906811643e-07,0.0022833015939822273,1.7688208362818343e-05,4.678941456573302e-24,2.3869142468235886e-05
128,0.0030757824899054474,2.6362600564572323e-14,0.2960558637444552,1.6282240756088133e-10,0.0046416464559235595,1.6815769893472973e-06,6.431926727810719e-09,0.0207322478758686,1.6168816768109675e-31,1.822193619916448e-10,1.6153083078248696e-12,0.00015269986700301946,0.24920598274304248,9.572566079181842e-05,0.004401687807586878,0.004608868367386393,0.11658990059004222,2.4926183461226414e-17,5.804101415228513e-10,0.2726621090538629,0.0006214789863121593,0.00019835704424656957,0.024256638352041792,0.00045719883436262247,3.807057020006551e-07,0.002204210859848358,1.586298706051529e-05,2.585633463493855e-24,2.166863854788363e-05
129,0.0029399081788935503,2.0277638569460587e-14,0.2939958956795231,1.32504660262116e-10,0.004173003582592563,1.564900981542949e-06,5.6337049007590925e-09,0.02069592319314003,9.73693783202928e-32,1.4571413831770658e-10,1.400711710904955e-12,0.0001431414740814987,0.23364710886694567,8.130894452608422e-05,0.004382969339289728,0.004603549073714837,0.12004975993318938,1.7404168501135444e-17,5.148823518986379e-10,0.28593623724991807,0.0006062550400718356,0.00019363943391081278,0.025936335855461304,0.0004382427525608058,3.714603165472847e-07,0.0021408337111072963,1.4269680868182376e-05,1.43702605581875e-24,1.9675220680036924e-05
130,0.0028425388327945125,1.5606264344647025e-14,0.2906787399477915,1.070989816627072e-10,0.0038028012503074403,1.4825464693783073e-06,4.927210709257943e-09,0.02062699803032958,5.863323099881362e-32,1.1551654617590854e-10,1.225775881842628e-12,0.00013344968495460714,0.21877024286523603,6.899046265163226e-05,0.004364519591223189,0.004650510159204785,0.12314463584794358,1.1988203735386658e-17,4.52951205676167e-10,0.299683217599147,0.0006025173711159999,0.00018826729813873564,0.027898298382891363,0.00041933717753020255,3.6615141808278237e-07,0.0020923326851764006,1.2879818105982217e-05,8.030297885925461e-25,1.786869355114173e-05
131,0.002780333313199065,1.2022908006433974e-14,0.28617165553627494,8.599691180620132e-11,0.0035105516592631855,1.429574409616195e-06,4.304397658006177e-09,0.02051420595739228,3.529242329606166e-32,9.071888611514803e-11,1.0824533387056121e-12,0.00012378371076879886,0.2046499537270506,5.8493256262952716e-05,0.004346765435607263,0.004752194837633108,0.1257905826918152,8.151320364779786e-18,3.949474811763265e-10,0.31383700937044784,0.0006096967619493041,0.00018225508216986432,0.03018426501800392,0.00040051578981734385,3.64325575116049e-07,0.002058040902689153,1.1667670403212814e-05,4.510618501483946e-25,1.6230502111727934e-05
132,0.0027510871975683394,9.275195931567977e-15,0.2805666806305913,6.861969928720474e-11,0.0032808041395851807,1.4025975553043271e-06,3.757448826377742e-09,0.020347630562792013,2.1227461311080786e-32,7.052642104226833e-11,9.644869991961785e-13,0.00011428683526268842,0.1913351313962719,4.957038274794167e-05,0.004330181437928849,0.004912823960548675,0.12790545857941574,5.474681272911342e-18,3.4116165289789394e-10,0.328313622254742,0.0006277649735112779,0.00017562965377172502,0.032842936532644605,0.0003818177027262898,3.6563057955726907e-07,0.0020374473389466754,1.0610290969767013e-05,2.5459058890681127e-25,1.4743663109845436e-05
133,0.002753623302247816,7.168184672373512e-15,0.27397672342149965,5.442857851748604e-11,0.0031018508472260564,1.3994646812596963e-06,3.2788414430798408e-09,0.020119299307794946,1.2755056459612766e-32,5.4240579636638224e-11,8.669861631839484e-13,0.00010508310181008721,0.1788528585405374,4.200347602799271e-05,0.004315279492743827,0.005138629696851384,0.12941202256426348,3.634454540754665e-18,2.918230320086295e-10,0.34300783852868083,0.0006571953847718325,0.00016843031524088235,0.03593084264052633,0.000363286179591814,3.697880500585889e-07,0.0020301801659045678,9.687399857532009e-06,1.443539808007775e-25,1.3392701484635687e-05
134,0.0027877173850292918,5.5517874735303875e-15,0.26653108702397843,4.2931932915856414e-11,0.0029647836227712165,1.419024507488443e-06,2.8614139963556883e-09,0.019823727499241984,7.65511874414051e-33,4.124544942450138e-11,7.861091601652339e-13,9.627544952594843e-05,0.167212147393031,3.560068701763811e-05,0.004302606185069406,0.0054381907857602415,0.13024130212264257,2.3865337792715776e-18,2.470844907705062e-10,0.3577899175786143,0.0006989539258797803,0.000160708738203404,0.039513183475456896,0.00034496732929807693,3.765702927635691e-07,0.002035987232011232,8.881188025989034e-06,8.220616863721588e-26,1.2163590174844422e-05
135,0.002854054853646616,4.310787811234675e-15,0.2583707072947788,3.368938269484897e-11,0.002862805902216574,1.4609416364355428e-06,2.498426014089481e-09,0.019458363113019506,4.588336945833549e-33,3.099755003852912e-11,7.188245032262007e-13,8.79451904545596e-05,0.15640750124421313,3.019435971749088e-05,0.0042927478518568684,0.00582288816018595,0.1303360499568805,1.551134891823295e-18,2.0701248443603092e-10,0.3725024404305683,0.0007545137305397021,0.0001525287089468725,0.043664568755013865,0.000326908832078123,3.8577974257329336e-07,0.0020547123474771918,8.17608468926439e-06,4.7013768952639017e-26,1.1043691488975587e-05
136,0.0029542133755652475,3.3569504159657758e-15,0.24964338366563568,2.6313112995261933e-11,0.0027907303049278073,1.5255390079569234e-06,2.183604699599897e-09,0.019023885317152055,2.7464679815679592e-33,2.3018436072444255e-11,6.627302457353144e-13,8.015263032406394e-05,0.14642224251436714,2.5638654471586566e-05,0.004286343177589548,0.00630750626776699,0.12965407193956927,9.986278700651208e-19,1.715822752198902e-10,0.3869575095609594,0.0008258870429383731,0.00014396555669977628,0.04846954019321941,0.0003091587443340059,3.9722967588182324e-07,0.002086265667844192,7.558514735582169e-06,2.700280352905104e-26,1.0021698031530207e-05
137,0.0030906651436641854,2.6228269097891046e-15,0.24049926098052754,2.046692413261418e-11,0.002744612307469098,1.613641305955706e-06,1.911175763223181e-09,0.01852431920644278,1.6418259471734762e-33,1.6889432947306222e-11,6.15916764184767e-13,7.293858614315609e-05,0.13723155131665613,2.1807239224012923e-05,0.004284102966441918,0.00691101265118022,0.12817118299195596,6.373396822531859e-19,1.4067833170155643e-10,0.4009345804585682,0.0009156665080870852,0.00013510513559561132,0.05402271325165425,0.0002917644249046714,4.1072519741096585e-07,0.0021305861422354325,7.016661704068077e-06,1.557942003120301e-26,9.087571213474862e-06
138,0.0032667907705599647,2.056922260136193e-15,0.2310867790616875,1.5863554174106908e-11,0.0027214848614095124,1.7263916881755838e-06,1.6758781086910827e-09,0.01796694570787596,9.803191970451794e-34,1.2247720292516284e-11,5.768621193267973e-13,6.632654099136808e-05,0.1288051723546809,1.8591113562127857e-05,0.0042868365116966066,0.007657556309700562,0.1258835407845706,4.035789740105779e-19,1.1409980547555891e-10,0.41417926472654,0.0010270647055664712,0.0001260422498247945,0.06042831193769406,0.000274771616624401,4.2604381094446595e-07,0.0021875937726623983,6.540244641709139e-06,9.033159361253211e-27,8.23247554386031e-06
139,0.0034868939991522423,1.6199458390303858e-15,0.22154925200150474,1.2260817140020696e-11,0.002719169322028203,1.8650108749258987e-06,1.4729636007010967e-09,0.017362006804941873,5.847742773904019e-34,8.783018072416118e-12,5.443519603645098e-13,6.0325191595546085e-05,0.12110976720795533,1.5896596525243703e-05,0.004295483738539726,0.008577733792941404,0.12280912333790714,2.5380859525927965e-19,9.157076924951926e-11,0.42640350759472284,0.001163935250337085,0.00011687845454169156,0.0677987950467677,0.0002582237066569844,4.4291523807676213e-07,0.00225712942181066,6.120312656308422e-06,5.267036687671965e-27,7.448707178187352e-06
140,0.0037562023194513488,1.2819199909348244e-15,0.21202217751780894,9.457042757399443e-12,0.0027361457274501675,2.0304645360457927e-06,1.2981840683128017e-09,0.01672222909804491,3.4859436652148806e-34,6.2342717864674444e-12,5.17417958271372e-13,5.4931178062425915e-05,0.11411090854252658,1.364348940597264e-05,0.004311152022853926,0.009710180165303539,0.11898815883753869,1.5871051724247032e-19,7.275456126480392e-11,0.4372876017210668,0.0013307506645982069,0.00010771923184631757,0.07625218650921238,0.00024216117744944648,4.610006026673496e-07,0.0023388802713492814,5.749058158783336e-06,3.0912912170321612e-27,6.729615584940195e-06
141,0.004080832955436429,1.0199611066909453e-15,0.20263131493762412,7.28621897857157e-12,0.002771471149371001,2.223004866621898e-06,1.1477681190702339e-09,0.01606220971532564,2.0774604526748242e-34,4.385938233034378e-12,4.9529020616685e-13,5.0131828292230815e-05,0.10777472937412304,1.1763413744685848e-05,0.004335156264979133,0.011103548472468326,0.11448238418428013,9.881400617403683e-20,5.727118261415626e-11,0.4464845477612509,0.0015325016122029731,9.867062551635821e-05,0.08590763319959938,0.00022662124789848818,4.798717003267775e-07,0.0024322899983883796,5.4196480308907455e-06,1.8284940754053712e-27,6.069517692886958e-06
142,0.004467696513903287,8.165840523244624e-16,0.19349151490699523,5.6131449129296166e-12,0.0028247391732809587,2.4415598894461595e-06,1.0183903859782986e-09,0.015397724346017971,1.2383138836408738e-34,3.0637005612776523e-12,4.773600599548344e-13,4.590779461873682e-05,0.10206925267740412,1.0198318978788591e-05,0.004369060381501825,0.012818943482895983,0.10937309908802527,6.135421466359955e-20,4.471633133218045e-11,0.4536272997746544,0.0017744700421241108,8.983550854661646e-05,0.09687863441028717,0.00021163769238346987,4.989918569763806e-07,0.0025364545889905855,5.126070881343035e-06,1.0916634648396731e-27,5.463604502058382e-06
143,0.0049243022443877195,6.58410968323424e-16,0.18470624004442657,4.328812320168108e-12,0.002896077069225773,2.6829661110364855e-06,9.071356287176451e-10,0.01474502515686555,7.386739196172636e-35,2.129649023241968e-12,4.631506166479401e-13,4.223550165551905e-05,0.0969654341129238,8.899151570106098e-06,0.004414717796242107,0.014932868714255382,0.10375808688374022,3.8063109602318044e-20,3.468043444298888e-11,0.45833942252369725,0.0020618181928509735,8.130973826658781e-05,0.10926334185166219,0.0001972408147560237,5.1770084954641e-07,0.0026500077489606277,4.862997948545169e-06,6.590421927995978e-28,4.9078408661172375e-06
144,0.005458420395362312,5.351904773081808e-16,0.17636768697908609,3.34615598993651e-12,0.0029861803195626673,2.9410848170464915e-06,8.114597682048819e-10,0.014120195348915893,4.412303416966485e-35,1.4771186601409279e-12,4.522925131295226e-13,3.908935863306877e-05,0.09243795402319206,7.824676529793934e-06,0.00447430764351323,0.01754072263442295,0.09774758002954863,2.364541068415927e-20,2.676603878865944e-11,0.46024961013681276,0.0023989320200541895,7.317850792882435e-05,0.12313135439226311,0.0001834575461649055,5.352074509126571e-07,0.002771004337319054,4.625654978036709e-06,4.031536305691732e-28,4.398859942612239e-06
145,0.006077550651318562,4.390537943984824e-16,0.16855740792203144,2.596250515427223e-12,0.0030963872918521955,3.20591625406088e-06,7.29149534385839e-10,0.0135386173813217,2.640921349386794e-35,1.0254586737188101e-12,4.4450302323488074e-13,3.644371456471609e-05,0.08846579521417343,6.940442266949553e-06,0.004550362060589894,0.020760828732798275,0.09145954346199509,1.4745048194479826e-20,2.0602173371848594e-11,0.45901033030894045,0.0027884708793849762,6.551321701345065e-05,0.13850658013578301,0.00017031163035716165,5.50594198341529e-07,0.002896816134188378,4.409702553214837e-06,2.504730148588697e-28,3.933854596304904e-06
146,0.006788144567825525,3.639507316060652e-16,0.16134733334177068,2.024983469748904e-12,0.0032288004239668525,3.462928447019068e-06,6.582820151898763e-10,0.013014595038393237,1.584964327263121e-35,7.150195548059473e-13,4.3956656960822584e-13,3.427454905035382e-05,0.08503264170322221,6.217880138962756e-06,0.004645777892295504,0.024738887211214713,0.08501461859284871,9.255229568224625e-21,1.5854762293419912e-11,0.45432051183901784,0.003230118006299559,5.836914773396935e-05,0.15534607684116875,0.00015782385791353242,5.6283964778767e-07,0.003024061069987118,4.211122987546493e-06,1.58434713693738e-28,3.510468753474987e-06
147,0.00759453930203625,3.052217265766557e-16,0.15480111387565543,1.59020131071773e-12,0.0033864648402463352,3.692930410342213e-06,5.97185058252879e-10,0.01256114808504906,9.544403000202589e-36,5.025976079843123e-13,4.3731477732999887e-13,3.256089425573215e-05,0.08212713195918299,5.6335307483373034e-06,0.0047638030598788,0.02965256792444625,0.07853110340337427,5.864595855673426e-21,1.2232750732785354e-11,0.44595162997968735,0.003719111368190654,5.17841547106724e-05,0.17351538460546206,0.0001460123112769291,5.708631734172309e-07,0.0031485934948099854,4.02611318648472e-06,1.0228896099868948e-28,3.1266922705266696e-06
148,0.008497585979737252,2.5927237138209987e-16,0.14897572545933438,1.259302113518545e-12,0.003573621480718903,3.8728969175999665e-06,5.443992348283331e-10,0.012189975148544965,5.770463523498217e-36,3.574959431586729e-13,4.3760411694955216e-13,3.128597311986848e-05,0.07974299950972565,5.168389830737729e-06,0.004907983483282673,0.035715690663297835,0.07212033381950901,3.762782880104359e-21,9.49018017719679e-12,0.43377573005435316,0.004244766819226229,4.57784609871672e-05,0.19276179656773482,0.00013489258459368193,5.735956876925835e-07,0.003265586809071497,3.85098513812285e-06,6.757053131193972e-29,2.7807632447187534e-06
149,0.009493004911274926,2.2332497632525347e-16,0.14392331218886997,1.0072359175568624e-12,0.003796060410066522,3.978116257904273e-06,4.986419612368598e-10,0.011911558390000458,3.5044969721652296e-36,2.582714010337219e-13,4.402890863915017e-13,3.0438013207406366e-05,0.07787913522203048,4.807367513112341e-06,0.005082050705497513,0.04318101831399227,0.06588277931007275,2.4518798922094727e-21,7.424898054870761e-12,0.4177928962816942,0.0047893689739438045,4.035552661849216e-05,0.21268829713843687,0.0001244779454709481,5.700759216703594e-07,0.0033697374402991568,3.6820792334919256e-06,4.577270301633435e-29,2.471081825176235e-06
150,0.010569575200031643,1.9522792094601346e-16,0.1396932714495802,8.148667419478205e-13,0.004061611996920492,3.985793525318973e-06,4.5877441916942614e-10,0.01173536461766047,2.1386528455873503e-36,1.9015828921878192e-13,4.451889031801836e-13,3.0010652953652023e-05,0.07653960948249461,4.53885581207431e-06,0.005289723673675992,0.052340079764413155,0.05990507947078879,1.6271700441225838e-21,5.87484127922981e-12,0.39815457017383743,0.00532794771420965,3.550383881560093e-05,0.23273246903286726,0.00011477940925188838,5.595659183472154e-07,0.0034556070009326666,3.5157007546466136e-06,3.1855864006906007e-29,2.1961394564334924e-06
151,0.011707365566626642,1.733083044348585e-16,0.13633460918636,6.676482365253842e-13,0.004380830330986313,3.879752943901834e-06,4.2377214811945486e-10,0.011670083246434381,1.311589442491208e-36,1.4310372442082248e-13,4.520460726453534e-13,3.0002797296352402e-05,0.07573369784638906,4.354400469154764e-06,0.005534391940010482,0.06351762351974596,0.054258141705848556,1.1025411378697262e-21,4.712882792578663e-12,0.3751782613284122,0.0058294871682394766,3.119938494887043e-05,0.25215632649527236,0.00010580570031519472,5.416717739493391e-07,0.0035180949644570882,3.3480966422655457e-06,2.280836481421727e-29,1.954467079812415e-06
152,0.012876323964492302,1.5625704619853783e-16,0.13389860173849827,5.545659855177085e-13,0.004767945837798319,3.655224964358452e-06,3.927006063317597e-10,0.011723833184386618,8.08182158108881e-37,1.1031863594474454e-13,4.604763719802051e-13,3.041770849965411e-05,0.0754759568155708,4.248474419776243e-06,0.005818645077562325,0.07705732862312632,0.04899630909180735,7.643025236432608e-22,3.84111591942396e-12,0.3493490230533652,0.006259920269192394,2.740852375375299e-05,0.27005438396817,9.75630795961352e-05,5.164482372992786e-07,0.003552998416398919,3.175497398158067e-06,1.6812167419069107e-29,1.7446050950026033e-06
153,0.014035641192790636,1.4303840160840598e-16,0.13244178313897723,4.673025453490704e-13,0.005242193398697409,3.3221506205627583e-06,3.646975640592113e-10,0.01190427014848812,5.000644075448006e-37,8.723958443108617e-14,4.699123082590406e-13,3.1261053410741464e-05,0.07578638985869329,4.218350926104418e-06,0.006143620131680856,0.09329446613950645,0.044157507742130786,5.428343468537309e-22,3.1852414973900722e-12,0.3213040471200042,0.0065867854304980525,2.4090968152569373e-05,0.2853877285953353,9.005502339104513e-05,4.844615422315987e-07,0.003557575373848707,2.9942555959989325e-06,1.275696523757275e-29,1.5650968023889392e-06
154,0.015134353119868459,1.3281811124243344e-16,0.13202921815332733,3.995855547030557e-13,0.005829657637052926,2.905397375952858e-06,3.389647549384069e-10,0.012218536449315868,3.10399786150921e-37,7.080287895475395e-14,4.795465673773415e-13,3.25376100488665e-05,0.07669071662364285,4.264073752734446e-06,0.006508164055948527,0.11251078305318216,0.03976420711532624,3.95301491439505e-22,2.6894866285121997e-12,0.29179909214175165,0.006784741091593548,2.1202628503307237e-05,0.2970506791235402,8.32817455110831e-05,4.4678713903596924e-07,0.003530997231437769,2.801113525825947e-06,9.95569550864397e-30,1.41450555122825e-06
155,0.0161136078048474,1.2490631351278537e-16,0.1327379042616546,3.4668410430176756e-13,0.006565813504346325,2.4410658031554928e-06,3.1477145221414695e-10,0.012673022414367586,1.930119193538729e-37,5.894711663395289e-14,4.882886207654452e-13,3.424643307117438e-05,0.07822069867193977,4.38851810439914e-06,0.006907861374055892,0.13486783178271766,0.035824982686746984,2.951639662472381e-22,2.312273031775502e-12,0.26165891734336905,0.006840515618743561,1.8698125242972476e-05,0.30397296999830525,7.72395624106355e-05,4.049297907311687e-07,0.0034745705121103157,2.59362058930892e-06,7.976894404017867e-30,1.2914538056568875e-06
156,0.016910862410300147,1.187130618745855e-16,0.13465995571965472,3.050235552060516e-13,0.007498963832424036,1.9695486905544396e-06,2.914720332160542e-10,0.013272958931933735,1.2001293361829195e-37,5.027768548696562e-14,4.94755644625108e-13,3.637458236032691e-05,0.08041437707673772,4.597526888922671e-06,0.0073340652882670065,0.16031852956547193,0.03233646061514482,2.2582778059331697e-22,2.022694208995313e-12,0.23171755355442306,0.0067556901349678225,1.6532850430353817e-05,0.30525362180075455,7.19201084803652e-05,3.606715335027009e-07,0.0033916401208038695,2.3706868080077436e-06,6.545180387986935e-30,1.1946795797601548e-06
157,0.017465967260754577,1.1371580089246316e-16,0.13790495805957415,2.7189382444090664e-13,0.008694753896828536,1.5274906533536984e-06,2.685374825168859e-10,0.014021937718350731,7.446029755936089e-38,4.3843381183385065e-14,4.973252186461219e-13,3.889011204392205e-05,0.08331595121888793,4.90008901863539e-06,0.007773185698608612,0.1885041163392617,0.02928544498354567,1.7680298613897594e-22,1.7977588789952862e-12,0.20275684746752215,0.006546226708464405,1.4664525925644857e-05,0.3003125923332052,6.730941719168635e-05,3.1587297320953114e-07,0.0032871542387525156,2.1331955210704472e-06,5.481715525432495e-30,1.1231017678951845e-06
158,0.017728639517059067,1.0943926452158809e-16,0.14260056776421365,2.452305854104039e-13,0.010241811976545846,1.1413717732301043e-06,2.4559666396968884e-10,0.01492155236393389,4.598961916117119e-38,3.898927581478788e-14,4.94276034251823e-13,4.173587681191382e-05,0.08697491110730605,5.308496873834306e-06,0.008206594126804856,0.2186550063848529,0.02665107107746603,1.4137420955519473e-22,1.6203041741494538e-12,0.17545222824557713,0.006238754515032329,1.3054262974904308e-05,0.28903404687308637,6.33868973807244e-05,2.722675928389156e-07,0.003166956234147285,1.8845123010729176e-06,4.668311003676433e-30,1.0758802704121272e-06
159,0.017666269659726206,1.0544854555260759e-16,0.14889013849185598,2.2345271174830954e-13,0.012258211295734628,8.246564185525475e-07,2.224773934157329e-10,0.015971440252424904,2.8210589947742624e-38,3.5260781365105474e-14,4.840265434523551e-13,4.482658336019698e-05,0.09144399469875156,5.83837786509223e-06,0.008611529528707045,0.24952663686517967,0.024406880671361174,1.1518244405720663e-22,1.4774609463449684e-12,0.15033285912755642,0.005864805540944876,1.1667169284161669e-05,0.27186409648996934,6.01242604441404e-05,2.3129082126422151e-07,0.0030369417148091065,1.630650955165144e-06,4.0256396151894096e-30,1.052449132822516e-06
160,0.01727047063624487,1.0135508809094316e-16,0.15692600154255532,2.0534256707138642e-13,0.01489770199865399,5.787665386160873e-07,1.9923184136079154e-10,0.017170029281443313,1.7149452263594887e-38,3.2341653130801497e-14,4.654459863586731e-13,4.8051830059348775e-05,0.09677566108422486,6.508444917812702e-06,0.008963235832475533,0.2794086334242445,0.022522764311836592,9.535650616949065e-23,1.3595510423161547e-12,0.1277600340043291,0.005454838062786938,1.0472574715772238e-05,0.24982265481937838,5.748450122440983e-05,1.939743194379069e-07,0.0029022523627355297,1.3798544314964074e-06,3.499927474431029e-30,1.0524915895583673e-06
161,0.016560525589849696,9.683300183326104e-17,0.16685716655675492,1.899584440373296e-13,0.018353321744110272,3.966036195768034e-07,1.761293832858975e-10,0.018516192140655714,1.031408138825001e-38,3.001403413803269e-14,4.381651822329437e-13,5.12869234200501e-05,0.10301711096968541,7.3397664726632284e-06,0.009238181062367467,0.3062383310419554,0.02096674980661321,7.997722110663856e-23,1.2593033981385012e-12,0.10792416767720933,0.005033705229327691,9.443957984241062e-06,0.22440161899151148,5.542110109379047e-05,1.609161496471595e-07,0.0027666624406680745,1.1414855306681998e-06,3.0547476526510976e-30,1.0758169738429947e-06
162,0.015582235559016859,9.164019531714179e-17,0.17881077167218484,1.765707071717709e-13,0.022853947596762014,2.667648735552375e-07,1.5360663042289198e-10,0.020011761110489645,6.130255016290013e-39,2.8132258006296848e-14,4.027804499829696e-13,5.441072349616415e-05,0.1102044158800838,8.35434205433014e-06,0.009417689108500158,0.3278227159887138,0.019706628323127272,6.774414977273433e-23,1.1712894312744978e-12,0.09085805329799627,0.004618423962556181,8.5586583928786e-06,0.19735345109509367,5.3877684556155366e-05,1.3231747099713787e-07,0.002632259260160073,9.244034136421997e-07,2.6658459163571015e-30,1.1220956722476146e-06
163,0.014401778356028065,8.563707232294215e-17,0.19286764739702902,1.646151566323793e-13,0.02864684946986445,1.7701146129840756e-07,1.3217937676970038e-10,0.02166452594188526,3.599401571835297e-39,2.6604698504064374e-14,3.6085510779705256e-13,5.7326422724655634e-05,0.11835683784503762,9.572812205720068e-06,0.009490929594666167,0.34213347903086133,0.01871139974056555,5.776646114194118e-23,1.0914999329639339e-12,0.07646249953196445,0.004218180961429246,7.797453045660701e-06,0.17041672783717599,5.27883805012024e-05,1.0806326223479378e-07,0.0024994482940807632,7.353043167922221e-07,2.3177158957871165e-30,1.1904180716425525e-06
164,0.013095787828014458,7.879651134811141e-17,0.20903381059573303,1.5365890198145791e-13,0.03595741894386434,1.163930052392749e-07,1.1233836779492455e-10,0.023491087284201212,2.0884377349989867e-39,2.5379979944555554e-14,3.146915320381752e-13,5.99788862976113e-05,0.12747255300259133,1.1011248190445479e-05,0.00945627906466705,0.3476092789906979,0.017952498777023596,4.943039235238405e-23,1.017015944501674e-12,0.06453968133768972,0.0038359040367720674,7.144073672378338e-06,0.14505617654031683,5.207908350344377e-05,8.782106486077591e-08,0.0023672496852525982,5.776149183123968e-07,2.0011493893042924e-30,1.2786786743873868e-06
165,0.011740201795179992,7.12024274980038e-17,0.22721150058546427,1.4337555236757562e-13,0.04491838258753621,7.613316950917982e-08,9.445961051396512e-11,0.02551892650336111,1.1984740819836602e-39,2.4435511676949738e-14,2.6694196166800503e-13,6.236274723011505e-05,0.1375263109163842,1.2677146187431154e-05,0.009320676521926329,0.3433986152323637,0.01740475594187007,4.231409651874421e-23,9.457589561062955e-13,0.05482920093514627,0.003470556009250823,6.584728123244995e-06,0.12229178763126901,5.166969351538681e-05,7.113611350105553e-08,0.0022338094891286935,4.513115287697285e-07,1.7113368544878854e-30,1.3828594111332385e-06
166,0.010400739118651876,6.303805117384617e-17,0.2471754778578174,1.3352758000053367e-13,0.055468710393697246,4.9695876247585875e-08,7.875369350952894e-11,0.027787299038280235,6.81064108611693e-40,2.3767466583234662e-14,2.2018809209382642e-13,6.451882293090953e-05,0.14846789530314192,1.456495016003803e-05,0.009097435348598635,0.32950557209023484,0.01704707487289801,3.613165837487181e-23,8.763283408236594e-13,0.04704202358352072,0.0031194516309535915,6.107677875813673e-06,0.10265266605243843,5.1477301112923666e-05,5.7509398233659766e-08,0.0020970286651536977,3.5360783654245074e-07,1.4463269749331251e-30,1.4963994151121311e-06
167,0.009126988209800822,5.456633878060932e-17,0.26856247585680165,1.2395410128079e-13,0.06724046584870101,3.245321222002301e-08,6.52609955177941e-11,0.0303469120204934,3.83823924872755e-40,2.3381857499067778e-14,1.766089196147897e-13,6.652051549359342e-05,0.16021804267947115,1.6651595158157475e-05,0.008803521226226543,0.3068326642637041,0.016862870142023097,3.0694736441355026e-23,8.07933151120107e-13,0.04088840826327819,0.002780155790121151,5.702903277890648e-06,0.08624002312628216,5.142023362633307e-05,4.64533139504146e-08,0.0019552082880175195,2.8009863694191223e-07,1.2057872575102198e-30,1.6099659671642568e-06
168,0.007950613108102229,4.610317588095007e-17,0.2908827586931257,1.1456207894052136e-13,0.07947815899362032,2.1241153106112222e-08,5.3882085568136875e-11,0.03325862275286363,2.1487030045454884e-40,2.3286403377369687e-14,1.3779071496964397e-13,6.845435420430275e-05,0.1726570085507018,1.8892682302627464e-05,0.008457255374569742,0.27712161105301264,0.016840372282931927,2.5884528915129442e-23,7.403975692133557e-13,0.03609768379304923,0.0024517490171464436,5.36186375215938e-06,0.07285042939705721,5.142282998332967e-05,3.7525386225063004e-08,0.0018076085516445196,2.2587685039036614e-07,9.900601445740045e-31,1.7120036444411589e-06
169,0.006886939775895091,3.79820631797392e-17,0.3135601827863669,1.0531845294113348e-13,0.09105578243831357,1.3948759810063368e-08,4.442433855514627e-11,0.036591541762522294,1.197199894701854e-40,2.3482819089711694e-14,1.0466658385287927e-13,7.039914599470962e-05,0.18560222557417688,2.1220028697894006e-05,0.008076880868731493,0.24277567270720501,0.016972914912640632,2.1629678901548747e-23,6.741770302840796e-13,0.0324297182205554,0.0021353928783464046,5.077334284704262e-06,0.06210779397458866,5.1420608023956926e-05,3.034371646088305e-08,0.0016548160191572773,1.8632063380041057e-07,7.995113587434425e-31,1.7903060572131193e-06
170,0.005938615916729475,3.0510689270421845e-17,0.33599845295573727,9.624059563896798e-14,0.10064484914218802,9.19183462331554e-09,3.664785259700941e-11,0.04042103877155813,6.655146532520519e-41,2.3959445205226114e-14,7.75458698977137e-14,7.240744726735907e-05,0.19877719532844687,2.3541588805719514e-05,0.0076798322936259406,0.20654311469398426,0.017259238555234726,1.788794493620087e-23,6.10295192145097e-13,0.029679510147988898,0.0018342167672543636,4.843278083586145e-06,0.05357093124267371,5.1365036667249776e-05,2.4588991394444774e-08,0.0014988210921657369,1.5748938931163191e-07,6.341454153685337e-31,1.8344339173824126e-06
171,0.005100047994312852,2.3926133399862353e-17,0.35765748601710273,8.738337241830995e-14,0.10702201377703553,6.073810325151192e-09,3.030112210108158e-11,0.04482731631005227,3.70224603859286e-41,2.4684923479542305e-14,5.6203567023276563e-14,7.449246008961207e-05,0.21178329635322685,2.574509853901182e-05,0.007282232606491172,0.1710877137531189,0.017703706586654565,1.4631150675028022e-23,5.501357848957939e-13,0.027677079649153148,0.001552633414750898,4.654707031103779e-06,0.04680559932970539,5.122663920124256e-05,1.999811613692528e-08,0.001342754760337847,1.3622454939547603e-07,4.934339030957863e-31,1.8382157014630883e-06
172,0.004361587404184846,1.8361884076709238e-17,0.3781126818564184,7.882306961303048e-14,0.10940959093303756,4.018632373781849e-09,2.514411993815076e-11,0.04989533800958682,2.0683795455359324e-41,2.5604587524991262e-14,4.0016304809506915e-14,7.662297074924424e-05,0.22409454951289312,2.7706842235343014e-05,0.006898236050880931,0.13855516496142528,0.018316230349269234,1.1833940387931675e-23,4.951068213943151e-13,0.026284763086855005,0.0012953015894217447,4.507495367768976e-06,0.041424447271486885,5.0995147233112375e-05,1.635424369512541e-08,0.00119033479316764,1.2009326139446386e-07,3.762805104361248e-31,1.8012338658136852e-06
173,0.003712754397632135,1.3839187126228787e-17,0.3970722738160951,7.064069709327085e-14,0.1076907793426229,2.6574121195464326e-09,2.09607684330649e-11,0.055716717982860535,1.1648488060140471e-41,2.6641560783983505e-14,2.8129673484432888e-14,7.872766722140322e-05,0.23509423794614004,2.9305943598660862e-05,0.006539205785424718,0.11028893125681924,0.019111749394406085,9.466975614552602e-24,4.462897838497781e-13,0.025393431765710746,0.0010660521455491507,4.398147936827457e-06,0.037103717314465746,5.0676274900198085e-05,1.347707011820825e-08,0.0010451888288849792,1.0728265783674833e-07,2.810507761546031e-31,1.7285510589655707e-06
174,0.0031441351925705543,1.0285211981432396e-17,0.4143466723885032,6.290824018125427e-14,0.10239627132846942,1.7533054031236091e-09,1.7564151564319746e-11,0.06239352768026707,6.635277118702265e-42,2.770347398547431e-14,1.9626041277159164e-14,8.070771561837907e-05,0.24415683564684904,3.0442217669687546e-05,0.006213045976900926,0.08679159168818251,0.020109311090368082,7.494496331898889e-24,4.042133963351474e-13,0.024918470782545863,0.0008670965399173267,4.323564946269349e-06,0.03358526917539728,5.0286067839859e-05,1.1215598284900913e-08,0.0009102745964222741,9.649932574186118e-08,2.0562965141044315e-31,1.6288612242608986e-06
175,0.002647984579188128,7.568101331645673e-18,0.4297871066270424,5.568046778627239e-14,0.09448834685110422,1.1528544176723508e-09,1.4797384616879893e-11,0.07004305370362009,3.8329275695447e-42,2.869342789215529e-14,1.3656102175608817e-14,8.245392153331859e-05,0.2507553623281255,3.1052940250466936e-05,0.005924042142615139,0.0679013491169867,0.02133100100587832,5.875192067781204e-24,3.688215862563474e-13,0.024795889172001432,0.0006987094178695067,4.2808635512818845e-06,0.030670356388008684,4.984475340267512e-05,9.44363454385682e-09,0.0007875566477562953,8.688465867029439e-08,1.4751317894833237e-31,1.5120446540949254e-06
176,0.002217921596961947,5.533724174166409e-18,0.4432222242022632,4.899258272757058e-14,0.08506697678664112,7.55238448152164e-10,1.2532049020800217e-11,0.07880182875922193,2.2488334293899265e-42,2.952175117458751e-14,9.512961196103403e-15,8.386379840704299e-05,0.25455861044851813,3.112298331036143e-05,0.005673316384078856,0.053062268466671086,0.022801029965306627,4.564773486150301e-24,3.396000028551507e-13,0.02497876166903861,0.0005593825264751525,4.2672994183625335e-06,0.028209612599770683,4.937189010927403e-05,8.05699343375869e-09,0.000677966700048721,7.793550898795094e-08,1.0395522105948445e-31,1.3871630585607278e-06
177,0.0018482632326200224,4.033093452271151e-18,0.4544154078109779,4.286197107382293e-14,0.07512469729427708,4.932567248816766e-10,1.0665279769256716e-11,0.08882710810216402,1.3407500105294895e-42,3.011478036067881e-14,6.652226505748498e-15,8.485491247898926e-05,0.25548609991994714,3.0684857444502695e-05,0.0054597170989156155,0.041569214544616956,0.024545160478078025,3.518791947428882e-24,3.157682313414704e-13,0.02543418273875464,0.0004462950780916609,4.280292621369529e-06,0.026092247060259945,4.88836373186717e-05,6.971201550972155e-09,0.0005815646613168315,6.941998951765725e-08,7.216496144894494e-32,1.2613846080559046e-06
178,0.0015334470017884748,2.937274740122123e-18,0.46305119965696057,3.7291662313282226e-14,0.0654119143963901,3.2166247497150654e-10,9.116157116329311e-12,0.1002942967329113,8.119379949945323e-43,3.0418554192804194e-14,4.67711626018925e-15,8.537294992766541e-05,0.2537079893939119,2.9809211628231438e-05,0.005280839300532235,0.032729921429024096,0.02659046630300684,2.6948690457303742e-24,2.964563201689339e-13,0.026140876347500126,0.0003558962856687153,4.317528177117268e-06,0.024236270183905697,4.8391951248544755e-05,6.1190306999143164e-09,0.0004977838373150924,6.128935495401673e-08,4.951418616191066e-32,1.1397505701417977e-06
179,0.001267755044917749,2.1422085644945453e-18,0.46874752842891687,3.2273701367280486e-14,0.05640733903517653,2.099006066299568e-10,7.821871259102347e-12,0.11338929162565389,4.989159342176086e-43,3.0397760554631834e-14,3.3088290386277685e-15,8.539471675444445e-05,0.24959894532776397,2.858973853991207e-05,0.005133925017893542,0.025944381840914913,0.028965282502874043,2.0541175124346277e-24,2.808273843499328e-13,0.027087507233847157,0.0002844344371834456,4.377088058626999e-06,0.022580586886903155,4.7905002641848176e-05,5.4477846976393815e-09,0.00042567137283980674,5.359594738201408e-08,3.3701169219349734e-32,1.0254373188142447e-06
180,0.0010453310944479005,1.5675722262781779e-18,0.47108574743173215,2.77916475820374e-14,0.04835510467322435,1.3742069322133232e-10,6.734024669898612e-12,0.12829501111581704,3.106277675238387e-43,3.003202421074647e-14,2.355718359429728e-15,8.492714801044085e-05,0.24366739334336132,2.7127447039815948e-05,0.005016520014540034,0.020727671424246377,0.03169915764516874,1.5618894068127772e-24,2.6814408746378196e-13,0.028271635015591046,0.00022834339606182143,4.457576933883977e-06,0.02107909253030505,4.742810038964307e-05,4.9165617817063e-09,0.00036408035954564036,4.642807338209923e-08,2.2838124457148752e-32,9.201944665272405e-07
181,0.0008603688532240002,1.1530848055777267e-18,0.4696510536779625,2.382220503580804e-14,0.04132846066195852,9.052314158158412e-11,5.815328632605462e-12,0.14517154114581385,1.956416210235606e-43,2.9312026796244276e-14,1.6874765877434643e-15,8.400353774054895e-05,0.23648196196319396,2.5518015506200418e-05,0.004926872137305846,0.01670320102837096,0.034822638955816866,1.1880734426162342e-24,2.577932240367248e-13,0.029699190836541205,0.00018446837429744912,4.5582177729266815e-06,0.01969652424191949,4.6964629792947814e-05,4.493737710339899e-09,0.0003118044940855767,3.9867207711092046e-08,1.5461754139196452e-32,8.247711007611955e-07
182,0.0007073420361221748,8.542922013872512e-19,0.4640782930621202,2.0336346410250736e-14,0.03529302195817962,6.017492356532372e-11,5.036833906448169e-12,0.16412957902568537,1.2444263401748549e-43,2.8237291740816064e-14,1.2157711527533188e-15,8.26780138343964e-05,0.22860981548820286,2.384378044825272e-05,0.004864115921053085,0.01358471993178828,0.038366765736124804,9.071082593836478e-25,2.492847424145907e-13,0.03138434068950744,0.00015015728302852178,4.6789066415927054e-06,0.018405690601256422,4.6516754822270036e-05,4.154817636960266e-09,0.0002676633682062053,3.396627183559411e-08,1.048933756857976e-32,7.392563782999471e-07
183,0.0005811914834792842,6.387698424327506e-19,0.4541001212419404,1.7300311189414443e-14,0.03015696599574541,4.048394179120581e-11,4.375732180757478e-12,0.18519754138161273,7.980975610292798e-44,2.6816393004023025e-14,8.805914648445049e-16,8.101906485078036e-05,0.22057300487105272,2.2170118923748805e-05,0.0048283052071038494,0.011156753830476993,0.04236219215815256,6.978010985699254e-25,2.42237734232292e-13,0.033349607006832614,0.00012326060434333477,4.820224244419372e-06,0.017185713635003427,4.6085802950117044e-05,3.880701684929042e-09,0.00023055137854956166,2.8743601000081048e-08,7.148660017378237e-33,6.633252884223277e-07
184,0.00047743635576464845,4.830365748583864e-19,0.439594996634511,1.467671285897468e-14,0.025805496031866236,2.7641862822699888e-11,3.813691224117827e-12,0.20828411314053064,5.152789119067161e-44,2.5069336574908607e-14,6.409477225595544e-16,7.91027808976859e-05,0.21282263505917814,2.0545070794780727e-05,0.0048203490400112,0.009257492294141896,0.0468379032686955,5.429969017140274e-25,2.363612989808754e-13,0.03562612929691603,0.0001020804955578353,4.983405052916912e-06,0.016020978301609163,4.567234719068364e-05,3.6563423597304706e-09,0.00019946219688126668,2.418628231214303e-08,4.904087933494354e-33,5.964060433073929e-07
185,0.00039221168273377116,3.701735657911357e-19,0.42063143260318825,1.242581725567337e-14,0.02212181074839681,1.9203639994919534e-11,3.3356453745630216e-12,0.23314023982741564,3.3441257846866484e-44,2.3031092929018996e-14,4.686429627823854e-16,7.700638147380032e-05,0.20572739521757152,1.900089749804909e-05,0.004841890987126686,0.0077651789694532375,0.051819535673306424,4.291338715253606e-25,2.314346700853013e-13,0.03825394686283281,8.529925145863413e-05,5.170265103128332e-06,0.014900545191357266,4.527604933086059e-05,3.4697416859308222e-09,0.00017349785101793009,2.0257678723500767e-08,3.3914784334361104e-33,5.377905079744487e-07
186,0.00032225061608374505,2.8803661147210573e-19,0.39750278902143504,1.0506927817737457e-14,0.018998295791485556,1.3605729733296508e-11,2.9289483703982475e-12,0.2593273290605817,2.1785279615373052e-44,2.0754745096171924e-14,3.44129021329822e-16,7.480252145563484e-05,0.1995720843062916,1.7556534017208213e-05,0.0048951567818554835,0.006587791381182127,0.057327377163317574,3.4572866154882845e-25,2.2728878948028936e-13,0.04128218412110625,7.190568883943525e-05,5.383088990483895e-06,0.013817822998148713,4.489535469446567e-05,3.311228857794329e-09,0.00015186863077074671,1.6905755144965296e-08,2.366618145074824e-33,4.867059667500005e-07
187,0.00026483256081238,2.279337526319358e-19,0.37074461166247935,8.879753349014786e-15,0.01634138788420614,9.849558576922216e-12,2.5827985579022824e-12,0.28620091069324444,1.4226535516143627e-44,1.831250592415394e-14,2.537471453299562e-16,7.255476045798431e-05,0.1945621338968652,1.6220260183895463e-05,0.00498278351396742,0.005655397769130776,0.06337419956646353,2.848396230381802e-25,2.2379030992626264e-13,0.044769019739989785,6.112892350502602e-05,5.624476905162982e-06,0.012770319679272673,4.4527144020725e-05,3.1729623249838556e-09,0.00013388785079674896,1.4070424234212168e-08,1.667083012751144e-33,4.423616287667389e-07
188,0.00021771477730173912,1.836559230393267e-19,0.34112561843810535,7.505630182333334e-15,0.014072704760019759,7.296576044737374e-12,2.2878589905623415e-12,0.312919818971687,9.301038004869265e-45,1.5793091773080664e-14,1.8788146430053865e-16,7.031444531789014e-05,0.19083101307311556,1.4992235235003087e-05,0.005107636555350468,0.004914553300932238,0.06996316129455435,2.405523454894697e-25,2.2082839472073258e-13,0.0487813341739707,5.23830934572652e-05,5.897154584008318e-06,0.011759308547645253,4.4166452946012325e-05,3.048605174387648e-09,0.00011896399914301708,1.1689229216851227e-08,1.1852945152298651e-33,4.0397897131422124e-07
189,0.00017905972495545195,1.5077128172361078e-19,0.3096055641454867,6.3485019701111025e-15,0.012128165496225796,5.5370130724659554e-12,2.0360107230069167e-12,0.33848850589805646,6.080298238101616e-45,1.3294769770878787e-14,1.39714297529901e-16,6.81191010719995e-05,0.18844838672892644,1.3866754520095689e-05,0.005272617825876796,0.004324200998700468,0.07708606479903829,2.085194619425066e-25,2.183043687049909e-13,0.05339396274813862,4.522328444432442e-05,6.203752694950259e-06,0.010789277110535962,4.3806358266986906e-05,2.93312563082052e-09,0.00010659181898497875,9.701307535394834e-09,8.500668698723275e-34,3.708118314217591e-07
190,0.00014736567016946517,1.2611482835483993e-19,0.27725938766303054,5.3756056749474806e-15,0.010456157697080979,4.3064694870559935e-12,1.8201928197631807e-12,0.361833481332974,3.9698070802920916e-45,1.0914779020748978e-14,1.0438018397094433e-16,6.599226713521078e-05,0.18742780794501684,1.2834205079872842e-05,0.005480469873568667,0.003852667319397796,0.0847222227344154,1.8557154837621112e-25,2.1612406142337202e-13,0.05868853220397606,3.931137414344279e-05,6.5465662940376574e-06,0.009867088773718323,4.3438096579824365e-05,2.822675603352462e-09,9.634323857623247e-05,8.049872460166006e-09,6.1422507053366365e-34,3.4215993608256255e-07
191,0.00012140462696866289,1.0742171079528234e-19,0.24517639317118908,4.55785656449383e-15,0.009015366421391394,3.4331289719525848e-12,1.6342952991830425e-12,0.3819051051160729,2.5857246383615213e-45,8.737346813849424e-15,7.838608943913368e-17,6.394456741369911e-05,0.18773347302868307,1.1882742931203623e-05,0.005733582835477794,0.003475450391319262,0.0928380446066862,1.694026483923095e-25,2.1419248947771197e-13,0.06475191575426706,3.4389998433952674e-05,6.9273077341836325e-06,0.00900088257370707,4.305142633190095e-05,2.7145023760620826e-09,8.785865001523962e-05,6.6835468749568025e-09,4.464014128555234e-34,3.1737803320425846e-07
192,0.00010016944492312813,9.306554241380596e-20,0.21435244318658178,3.869960050755084e-15,0.007772617359836836,2.8044060525494336e-12,1.473080982717782e-12,0.3977864606996918,1.678461984428323e-45,6.823449213741337e-15,5.921086486975693e-17,6.197568419124107e-05,0.18928609901415222,1.0999717238701747e-05,0.00603381347168384,0.0031735819886158654,0.10138722445534015,1.5832490750294165e-25,2.124103602292475e-13,0.07167438493424108,3.0262862115433264e-05,7.346865981626843e-06,0.008198842320207017,4.26351823107132e-05,2.606855566173443e-09,8.083876290692263e-05,5.5568801146140575e-09,3.256379617995895e-34,2.9588174528366986e-07
193,8.283043323476503e-05,8.187284849946204e-20,0.18559763009574087,3.2903013230605338e-15,0.006700938502605504,2.345851677043975e-12,1.3321195742470927e-12,0.40878650128541755,1.0847725688581885e-45,5.20516223313267e-15,4.502644858504062e-17,6.007683867530756e-05,0.1919682674970245,1.017284984678944e-05,0.0063823252588229755,0.0029324051250519565,0.11031117835977652,1.5108222584489053e-25,2.106718101139888e-13,0.07954754683397881,2.6779870398820505e-05,7.805081233324796e-06,0.007468042671845716,4.217792489369197e-05,2.4988652300637873e-09,7.50370877402564e-05,4.630330765046492e-09,2.378444662538622e-34,2.7715061966006714e-07
194,6.870096911713992e-05,7.299220351670574e-20,0.1594784861426808,2.8006750696263474e-15,0.005777953834426961,2.007771432410205e-12,1.2077231565164792e-12,0.41449819228932955,6.9739772632490165e-46,3.8858920033741925e-15,3.450236780024298e-17,5.8233385344202954e-05,0.19562963389659982,9.391162018542924e-06,0.006779455460795908,0.0027406532709983965,0.11953927050958064,1.4671171602789716e-25,2.0886288078675145e-13,0.08846212765154256,2.3825880744726445e-05,8.300537618220523e-06,0.00681358642210122,4.1668574953246954e-05,2.390385308647121e-09,7.025301984439599e-05,3.869934697317755e-09,1.7347283235068476e-34,2.6072855247569113e-07
195,5.7210903176878504e-05,6.580228111486272e-20,0.13630334829174845,2.3859185362024597e-15,0.0049846539010288135,1.7566964625493596e-12,1.0968773040655613e-12,0.41481298489758783,4.456447816028744e-46,2.845711121436128e-15,2.6667586756367973e-17,5.642720435329692e-05,0.200092304854405,8.645634919222798e-06,0.007224610439247145,0.002589749720766437,0.12898845891968905,1.4444274253615242e-25,2.0686048432946823e-13,0.0985056132630407,2.131217890769197e-05,8.830371778037374e-06,0.006238175231497232,4.109695265132204e-05,2.281813668752156e-09,6.632548175017582e-05,3.2468133491923497e-09,1.2598693274632507e-34,2.4622176000976843e-07
196,4.788621573048077e-05,5.984733835168143e-20,0.11614680461731423,2.0335038315906403e-15,0.004304529435571374,1.5699156031859485e-12,9.97166253706339e-13,0.40989571344355064,2.828456444706184e-46,2.0495214733030525e-15,2.081206632072171e-17,5.4638702658936537e-05,0.2051565466187712,7.929598554409463e-06,0.007716186651221729,0.002473269992697084,0.13856226483856932,1.436252868137475e-25,2.045319369605997e-13,0.10975971346831995,1.9170027787412434e-05,9.390094336677315e-06,0.005742136786644796,4.045418798361573e-05,2.173909775756177e-09,6.312711233428088e-05,2.7366212984670486e-09,9.085324526265307e-35,2.332946472012676e-07
197,4.033331497665775e-05,5.479189861377557e-20,0.09889987848859427,1.733132648092282e-15,0.003723009739609979,1.4319485881365203e-12,9.066937104355513e-13,0.40013318991107316,1.7818920167304696e-46,1.455440447921396e-15,1.6416019900092488e-17,5.28483694253236e-05,0.21060688919787837,7.2388605188813475e-06,0.008251513891139825,0.0023865282474169938,0.1481493086180056,1.4368156094492286e-25,2.0173543759316397e-13,0.1222976049090432,1.7345814359117654e-05,9.97342596740872e-06,0.005323819110018773,3.973301716936426e-05,2.0676311069011337e-09,6.055903150558822e-05,2.3189896806544445e-09,6.487428155680337e-35,2.216641331455476e-07
198,3.4226568297947635e-05,5.038880758780822e-20,0.08432978733906157,1.4763618180460859e-15,0.0032271245632537835,1.3322597342509106e-12,8.240025760627522e-13,0.38607239020338857,1.1136172044205759e-46,1.021523559240028e-15,1.3098672550978612e-17,5.1037935898838625e-05,0.21621865738565915,6.571603534959643e-06,0.00882681984791673,0.002326261662932414,0.1576219250283859,1.4407672452224014e-25,1.983220485923456e-13,0.1361809384062876,1.5797439794850628e-05,1.0572158908265298e-05,0.004980200584673694,3.89280030526843e-05,1.96400216106104e-09,5.854623248151785e-05,1.976994267046687e-09,4.5749081534799376e-35,2.1109311812131513e-07
199,2.9298014702316628e-05,4.645658798052402e-20,0.07213599336892783,1.2562744779207928e-15,0.0028053078609497546,1.2637730662864697e-12,7.479971991206595e-13,0.36836105429904864,6.900781409152023e-47,7.100551655375118e-16,1.0580917779816889e-17,4.919124366383913e-05,0.2217649535324101,5.928093956638414e-06,0.009437219662289116,0.002290395473082172,0.16683549281763232,1.4430597458269937e-25,1.9413976982909865e-13,0.1514566610003539,1.449167943875133e-05,1.1176065720907404e-05,0.004707562575357363,3.8035716170507905e-05,1.864020322802792e-09,5.703364963859918e-05,1.6966616626852549e-09,3.178486591515172e-35,2.013837674299998e-07
200,2.5328586609713294e-05,4.286325933677409e-20,0.061994846466533554,1.067201065869214e-15,0.00244727733201207,1.2219130781127454e-12,6.778710686358957e-13,0.34769786412604725,4.238281820976293e-47,4.895606259785824e-16,8.65799988704756e-18,4.7294929068661615e-05,0.22702408014412942,5.310250733643438e-06,0.010076738640863146,0.0022778770647697345,0.1756290811591254,1.4389601117676634e-25,1.8904018745631135e-13,0.1681537809178943,1.3402298799022091e-05,1.1772886780145136e-05,0.004502111769111987,3.7054894809089585e-05,1.768595208518586e-09,5.5982924342930106e-05,1.466519803311991e-09,2.1709323334008016e-35,1.9237116447367155e-07
201,2.2140475078491515e-05,3.951464895163976e-20,0.053590477478055586,9.044875836396649e-16,0.002143945298001687,1.2039978083528358e-12,6.130417840562982e-13,0.3247941062216741,2.579123988233318e-47,3.3516199145697234e-16,7.179502997254249e-18,4.533900079776862e-05,0.23178728616461447,4.7211271414639205e-06,0.010738378540843009,0.0022885712927326646,0.18382786861921574,1.4241884764592275e-25,1.8288793275761364e-13,0.186280272113832,1.250875921104079e-05,1.2348433734339488e-05,0.004360493162499085,3.5986579509407533e-05,1.6785142803447681e-09,5.5369857642752096e-05,1.2771956385671564e-09,1.454934342549692e-35,1.839177052367777e-07
202,1.9590467534147472e-05,3.634580898696258e-20,0.04663318531428091,7.643051035577889e-16,0.0018873363693525849,1.208876068091481e-12,5.530941100270923e-13,0.3003454169690479,1.5547183317276362e-47,2.279708635514246e-16,6.034700101487052e-18,4.331734117303281e-05,0.23586655421510316,4.164357771124848e-06,0.01141423671288948,0.0023232119898357376,0.19124757331806314,1.395151671151569e-25,1.7557280070815011e-13,0.20582035484973782,1.1795387046526913e-05,1.2886845933247174e-05,0.004280180527297885,3.483419944206371e-05,1.5944270234145968e-09,5.518250964072977e-05,1.12106096364317e-09,9.552769818741744e-36,1.7590842403754462e-07
203,1.7564183241730627e-05,3.331456118572419e-20,0.04086819760678994,6.434934865156653e-16,0.0016705017179234004,1.2367430258910867e-12,4.977312230453612e-13,0.27501097171947786,9.282899137632444e-48,1.5406776503656194e-16,5.141843923622632e-18,4.12281161446915e-05,0.2391019601900315,3.6436215677684708e-06,0.012095682810868274,0.002383407208256479,0.19770087849275703,1.3492312677053805e-25,1.670238525432414e-13,0.2267323878652813,1.1250915298618625e-05,1.3371029210774168e-05,0.004259760298309206,3.360357945551044e-05,1.5168413959800804e-09,5.541988742575814e-05,9.91925703991408e-10,6.137106824410289e-36,1.6824729081243314e-07
204,1.5971162618797616e-05,3.039647797126224e-20,0.03607792038828342,5.394327413383196e-16,0.0014874282293796753,1.2890969557943147e-12,4.467339119836651e-13,0.24939768290875605,5.490042293994124e-48,1.0341690087060645e-16,4.440354607293384e-18,3.907404545588422e-05,0.24136799357949085,3.1621674416657835e-06,0.012773590640830501,0.0024716984223498474,0.20300556916328422,1.285070831658465e-25,1.572241933607316e-13,0.24894756258144252,1.0868337335482442e-05,1.3783290938243156e-05,0.0042991378993168005,3.2302838306316566e-05,1.4461282039618005e-09,5.609115755583039e-05,8.847764054223326e-10,3.854367000388371e-36,1.6085441549311012e-07
205,1.4740764998200186e-05,2.7580819868967675e-20,0.03208030188809053,4.499366321959265e-16,0.001332944736731187,1.3688204745963854e-12,3.999274016791284e-13,0.22404784378062706,3.216546215708061e-48,6.889540256127939e-17,3.885130660483487e-18,3.686246972284306e-05,0.24257818507322185,2.72244092189598e-06,0.013438614598929317,0.00259167697552315,0.2069938385537898,1.2027972820879146e-25,1.462244642790427e-13,0.27236950664214077,1.0645040988216224e-05,1.4106162647085409e-05,0.004399697545686133,3.094215927012937e-05,1.3825306894632232e-09,5.721532267712349e-05,7.955564042696321e-10,2.365117295291491e-36,1.5366403232382319e-07
206,1.3818818417482323e-05,2.486710992873113e-20,0.028725219764733318,3.731645030310214e-16,0.001202628670861075,1.4803857424856927e-12,3.5715547751866947e-13,0.1994296003415364,1.8674181022891646e-48,4.550296037335058e-17,3.442410983615327e-18,3.460515747670892e-05,0.24268748187544684,2.325837873255296e-06,0.014081492918434595,0.002748164606713926,0.20952201057704603,1.104111997729224e-25,1.3415257583009807e-13,0.2968747986526738,1.0583218592497012e-05,1.4323373997192744e-05,0.004564442771443373,2.9533431281289717e-05,1.3261776639977542e-09,5.882131123249583e-05,7.209833020892252e-10,1.4176357149083228e-36,1.4662310675685e-07
207,1.3164956381735365e-05,2.226215010403015e-20,0.02589013351934595,3.0754851474818905e-16,0.0010927162001172683,1.6301974381883098e-12,3.182615715663325e-13,0.17593031700454456,1.0747251238072041e-48,2.9755083902809746e-17,3.086766457359262e-18,3.2317820692578596e-05,0.2416920383837716,1.9725952837511106e-06,0.01469335534855994,0.002947469098714732,0.21047979401547717,9.922030080702903e-26,1.212170401379678e-13,0.32231429064348865,1.069057700455399e-05,1.4420913203814328e-05,0.0047981390762248015,2.8089778249413198e-05,1.2770990108805238e-09,6.0948440971771326e-05,6.58398978217565e-10,8.301037452672415e-37,1.396903995378253e-07
208,1.2750574579462795e-05,1.9777378933167538e-20,0.023475728491364325,2.517344103506501e-16,0.0010000181519735519,1.827101771626912e-12,2.8307635986277555e-13,0.15385320075224718,6.1343580925729804e-49,1.9235200245527525e-17,2.798912176068231e-18,3.0019346051811753e-05,0.23962640923416426,1.6618119029999526e-06,0.015266012051975373,0.0031977311515633488,0.2097981647730948,8.714605443278148e-26,1.0770163469176348e-13,0.3485150530189318,1.0981403015138394e-05,1.4388084072056834e-05,0.005107474235470767,2.662501204461415e-05,1.2352425190217853e-09,6.364722861221222e-05,6.056473735803881e-10,4.750413386424474e-37,1.3283582828732204e-07
209,1.2557345308994105e-05,1.742653731387082e-20,0.021401924494693893,2.045344725289502e-16,0.0009218431748266807,2.0831059563724533e-12,2.514112163898114e-13,0.13341749457195642,3.474613078511357e-49,1.2272688967500695e-17,2.5641150828088293e-18,2.7730792047002844e-05,0.23655847365246932,1.3915762558021886e-06,0.01579220360417907,0.0035093847681474297,0.20745507568886315,7.470191812152146e-26,9.395016657613911e-14,0.3752827156516733,1.1478076337644401e-05,1.4218453570637088e-05,0.0055012467610404,2.5153056928220928e-05,1.2004909930283021e-09,6.698052782627543e-05,5.609755578018893e-10,2.658625391343711e-37,1.2603998040902587e-07
210,1.2576237287492945e-05,1.5223651728184267e-20,0.01960440147588924,1.648915383415238e-16,0.0008559288951744113,2.414371851538608e-12,2.2305662415242425e-13,0.11476225940819164,1.9542850811501566e-49,7.715541522892237e-18,2.3710334202897676e-18,2.5474238815634993e-05,0.23258270743625128,1.1591691862373711e-06,0.016265798144266545,0.0038957610869496144,0.20347840507565426,6.241906716857987e-26,8.03417503306498e-14,0.4024039829517692,1.221316725587363e-05,1.3910580598136285e-05,0.005990588758800448,2.3687397305924036e-05,1.1726785566361287e-09,7.1024984604437e-05,5.229540348370026e-10,1.4565005321710935e-37,1.1929364905610487e-07
211,1.2807001604245589e-05,1.318136474177993e-20,0.018031668766722755,1.3185287038526565e-16,0.0008003812996061474,2.842571181545327e-12,1.9778443260813194e-13,0.09795338136121172,1.0922221267836404e-49,4.771627078985785e-18,2.2108694654975395e-18,2.3271599653539925e-05,0.2278125905841995,9.613042452228544e-07,0.01668192933752762,0.004373875116958164,0.197945839555857,5.078803054513503e-26,6.7258991492166e-14,0.42964914009770483,1.3232312496267952e-05,1.3468428638504384e-05,0.006589225593220253,2.224059596822616e-05,1.1516050988972649e-09,7.587280197553185e-05,4.90412756959307e-10,7.819584670363488e-38,1.1259728474542369e-07
212,1.3258099038563599e-05,1.130964493604383e-20,0.01664264052053497,1.045524745212691e-16,0.0007536222070852163,3.3967188748397566e-12,1.753527386296188e-13,0.08299309919951021,6.069906582773738e-50,2.8985020220242286e-18,2.0767496879390737e-18,2.11435059313869e-05,0.22237296692415034,7.943718118766596e-07,0.017037076004892866,0.004965446681218651,0.1909816963996352,4.020865790513473e-26,5.505330687230642e-14,0.45677442061163487,1.4598134986486412e-05,1.2901392325718468e-05,0.00731377066202881,2.0823917959129974e-05,1.1370479128949852e-09,8.163380391168665e-05,4.6238983737102506e-10,4.1195017210293666e-38,1.0596027907844038e-07
213,1.3947058149553598e-05,9.61489742277959e-21,0.015404653188494221,8.220022862334873e-17,0.000714344464324226,4.115636022499137e-12,1.5551218863990427e-13,0.06983113385959024,3.356658042518325e-50,1.727010853413163e-18,1.9632700271226193e-18,1.9108361200568435e-05,0.21639306772771488,6.546602030065464e-07,0.01732908953847269,0.005698221526819601,0.18275097937443885,3.095659451509574e-26,4.401275082181543e-14,0.48352414664072063,1.6395565343652912e-05,1.2223907890212262e-05,0.008184048297140364,1.94470789524514e-05,1.1287697127765126e-09,8.843777934452413e-05,4.3809043762050276e-10,2.1326849898042834e-38,9.940002467759095e-08
214,1.4901265711529892e-05,8.09947666818143e-21,0.014291854832071392,6.407604930229952e-17,0.0006814743691008151,5.051233729926797e-12,1.3801264670624786e-13,0.05837644847371435,1.8483490804435544e-50,1.008186676474989e-18,1.8661609142991527e-18,1.7181630741841827e-05,0.21000071494174502,5.38536738218748e-07,0.01755717780061724,0.0066076764004380185,0.17345119580763893,2.3170631744195425e-26,3.4337696556652346e-14,0.509632562429606,1.873903941623164e-05,1.1454665013872199e-05,0.009223430128849576,1.8118120163469786e-05,1.1265223391757648e-09,9.643706910629921e-05,4.1685373690748744e-10,1.08672223245509e-38,9.294072741754914e-08
215,1.6159198892262498e-05,6.7615800241558714e-21,0.013283900317415847,4.952733450990838e-17,0.000654140786338026,6.272849828543917e-12,1.2260941024063816e-13,0.04850875816430673,1.014134973903922e-50,5.7617237099475305e-19,1.7820388387355445e-18,1.5375397290504962e-05,0.2033179856426419,4.425813959496121e-07,0.017721854205096525,0.0077392130577635995,0.16330262274922538,1.6860629151899394e-26,2.6128388415386446e-14,0.5348252508200144,2.178218944896482e-05,1.0615485971054648e-05,0.010459158532358234,1.684339756348728e-05,1.130045532972962e-09,0.00010580932770114893,3.981262597735468e-10,5.459584117013087e-39,8.661198269597408e-08
216,1.777210849581397e-05,5.595477001283499e-21,0.012364894974848715,3.7968090064840924e-17,0.0006316504622102207,7.872902668109172e-12,1.0906842999581595e-13,0.04008909701042892,5.547613838339954e-51,3.222026903734567e-19,1.7082200655828478e-18,1.3698179773095048e-05,0.19645839848132923,3.636735911940636e-07,0.017824858882316212,0.009150970232404035,0.15253779224697725,1.1931545273924574e-26,1.9385998976973804e-14,0.558819960199117,2.573081420580471e-05,9.729979463892728e-06,0.011922612772535673,1.5627663500084327e-05,1.1390601470941412e-09,0.00011676034313673535,3.814401493127182e-10,2.7091834748000015e-39,8.044716445360282e-08
217,1.9806148920445467e-05,4.592009178159268e-21,0.01152253892306814,2.887844689789381e-17,0.0006134691621043868,9.974130845694454e-12,9.717025529473457e-14,0.0329689800823029,3.027311853244963e-51,1.7630139564231164e-19,1.6425785552965313e-18,1.215498522473081e-05,0.18952551080001964,2.990379102608063e-07,0.017869056307900078,0.010917407935487318,0.1413909738967944,8.216570720149008e-27,1.4026033930110114e-14,0.5813265974121494,3.086009325452349e-05,8.822104154005143e-06,0.013649446159832167,1.4474214362691174e-05,1.153255072764228e-09,0.00012952672506933604,3.6639523304755154e-10,1.3304412821154112e-39,7.448170978983692e-08
218,2.2344914142326375e-05,3.739281410088742e-21,0.010747433431049173,2.1803648239800367e-17,0.0005992084643076266,1.273862886178883e-11,8.671264407298279e-14,0.026997923837616032,1.6487962405044505e-51,9.443368704908974e-20,1.5834349202756637e-18,1.0747547321473219e-05,0.18261270786345699,2.4625733885312085e-07,0.017858311490637914,0.013133841325963187,0.13008837495561384,5.511896993640795e-27,9.900530623997216e-15,0.6020460923853314,3.7537170476139935e-05,7.914785437770278e-06,0.015679482037857604,1.338507809604542e-05,1.172267002907335e-09,0.0001443781661992513,3.526439491346628e-10,6.479328906533488e-40,6.87514082548649e-08
219,2.5492265975518983e-05,3.0234586368170175e-21,0.010032518822703925,1.635197120185669e-17,0.0005886183444462963,1.6378703587542192e-11,7.75119337100936e-14,0.022029277301620593,8.966657232955316e-52,4.956458789392254e-20,1.529466859632202e-18,9.474698113655786e-06,0.1758039222022153,2.0326312050422653e-07,0.01779734534172126,0.01592211417522786,0.11883966411574469,3.607029992968919e-27,6.8241602330177606e-15,0.6206678474872346,4.625030419877831e-05,7.0287167502783555e-06,0.018056198064015594,1.2361218855343988e-05,1.1956519933940857e-09,0.00016161883524375693,3.398783944821289e-10,3.1362235679569663e-40,6.329081859787861e-08
220,2.9375210176698046e-05,2.4295850081036434e-21,0.00937262036868784,1.2191393039967112e-17,0.0005815861076476723,2.1169162099001135e-11,6.940336214716733e-14,0.01792445538169769,4.871017623640841e-52,2.5531380062406518e-20,1.4796342437238221e-18,8.332820670170829e-06,0.1691750290821827,1.6830958817832234e-07,0.01769156924835482,0.01943759049756574,0.10783126654926255,2.3070084219751125e-27,4.599348810800347e-15,0.6368655825195645,5.764563900917406e-05,6.181445916063337e-06,0.020825547110804886,1.140274139023721e-05,1.2228477035509866e-09,0.00018158726363709212,3.278189383747939e-10,1.512414800994249e-40,5.8131934253621615e-08
221,3.414635825790187e-05,1.942352804274135e-21,0.008764084388666517,9.045083672048133e-18,0.0005781428055935585,2.7459840557104084e-11,6.22405694285184e-14,0.014555753937476367,2.644135792479285e-52,1.293588933064461e-20,1.4331140664785397e-18,7.316336728027736e-06,0.162795706453804,1.399407950239152e-07,0.017546898783067953,0.02387758238914264,0.0972216907977185,1.4455016820308433e-27,3.0366931030517864e-15,0.6502916054751836,7.257207629830858e-05,5.386803830187544e-06,0.02403375563170683,1.0509083468995032e-05,1.253125348154536e-09,0.00020465383820440682,3.162040331518691e-10,7.285474739085713e-41,5.330320261648242e-08
222,3.9985170136967656e-05,1.546765871465904e-21,0.008204491503601967,6.6859868392377995e-18,0.0005784790842807745,3.568577848180699e-11,5.589451239599814e-14,0.011807971386543355,1.4346629826337777e-52,6.465342035652851e-21,1.3892419717740582e-18,6.418192452268124e-06,0.15673160757039492,1.1695404604001185e-07,0.01736954629147453,0.02949118101037959,0.08713895231097417,8.898149427251648e-28,1.9687325367171028e-15,0.6605699103341856,9.213335090843926e-05,4.654685416296259e-06,0.027723607795441994,9.679189807407952e-06,1.2855310044632097e-09,0.00023121471492383821,3.0478107073219967e-10,3.5156851548599416e-41,4.8828976071701106e-08
223,4.709666282169313e-05,1.2286630877590778e-21,0.007692437758479687,4.930843860410243e-18,0.0005829735664038038,4.6370177447335795e-11,5.0252005019653465e-14,0.009579074318826746,7.782556711355994e-53,3.199038301454219e-21,1.3474580990715994e-18,5.6303149990216205e-06,0.15104675829899675,9.836382765439569e-08,0.017165791234049804,0.0365901500859425,0.07767997583703706,5.3997282545152355e-28,1.2569241146194576e-15,0.6672890606284037,0.0001177437343481814,3.991149963751135e-06,0.03192857933999644,8.911664973192807e-06,1.3188173347013731e-09,0.00026168065295120594,2.932984118633058e-10,1.7048618499757962e-41,4.47294414929727e-08
224,5.5705561757592317e-05,9.750883861122158e-22,0.007227377335300883,3.6340298444671355e-18,0.0005922385823161374,6.01119607587779e-11,4.5214066780775255e-14,0.00778013526616545,4.221626090547788e-53,1.5738042774722304e-21,1.307255714527376e-18,4.944021423648244e-06,0.14580614982452506,8.336831057078032e-08,0.016941725313028653,0.04555997913716919,0.06891170964798456,3.243140991075991e-28,7.929756535696732e-16,0.6699966005033664,0.00015117909645714922,3.3987763297736028e-06,0.036664066945113045,8.204905389646952e-06,1.3513694876713528e-09,0.00029645900128818614,2.8149909446901396e-10,8.336592049686366e-42,4.1021047560499726e-08
225,6.604297925848862e-05,7.745121014674349e-22,0.006809522970123405,2.681533028777375e-18,0.0006071906564858325,7.754547717647343e-11,4.0694231465394414e-14,0.0063347480575495175,2.290187746293897e-53,7.736814672830173e-22,1.2681316838392789e-18,4.350368918452459e-06,0.14107854565860323,7.13196105574289e-08,0.016702966825056845,0.05686924353451513,0.060873583144576665,1.9367435183199197e-28,4.963267475011631e-16,0.6681977755418858,0.00019460766076197914,2.877191595845497e-06,0.041914950449597844,7.557211911953783e-06,1.3811335236602677e-09,0.000335926984277124,2.6911725299708603e-10,4.1260856498499064e-42,3.771743377151242e-08
226,7.832176143188534e-05,6.16921866847972e-22,0.006439802150074063,1.9853359277087384e-18,0.0006291571635018198,9.925557072298338e-11,3.6616945283044726e-14,0.005178096510446934,1.2425317013744707e-53,3.822226314839142e-22,1.2295385723805318e-18,3.840441196860834e-06,0.1369395566731635,6.169831141407971e-08,0.01645433636812877,0.07107392647243438,0.05358089150703082,1.1559570657527844e-28,3.0959177990322165e-16,0.6613626293416434,0.0002505743632138861,2.423689533583782e-06,0.04761898363672762,6.966884676712944e-06,1.405562717864251e-09,0.00038039474688220673,2.5587898174007596e-10,2.075401677711301e-42,3.483086808658269e-08
227,9.269602387203471e-05,4.938091728333165e-22,0.006119868816713439,1.4783723369582305e-18,0.0006600368267798114,1.256293727500119e-10,3.291616989040952e-14,0.004255820051913031,6.741424548970123e-54,1.9094972759570358e-22,1.1908394001261222e-18,3.405570152425944e-06,0.1334750566871421,5.409233146985468e-08,0.016199486150013178,0.08881120828769141,0.04702869357009335,6.935401850975993e-29,1.9341457417708898e-16,0.6489469236419438,0.0003219002063123415,2.0338647702819536e-06,0.05364629208952497,6.432301237937145e-06,1.4216066616938957e-09,0.0004300576565024135,2.415102192362457e-10,1.0655151426345128e-42,3.2374226675745794e-08
228,0.00010920087763838411,3.98080375632162e-22,0.005852171629104761,1.1101524367931127e-18,0.0007025415333209438,1.5663178581331962e-10,2.953430255925597e-14,0.003522788253079538,3.656819184946943e-54,9.710634175439895e-23,1.151268301287402e-18,3.03749498934313e-06,0.13078500934052917,4.8179988357492705e-08,0.015940481383628,0.11077449093351541,0.041195851822320544,4.2089008970778e-29,1.2167432963154163e-16,0.6304333897084358,0.00041144705147890497,1.702205424238735e-06,0.05977691594281282,5.9519775746838725e-06,1.4257790946843167e-09,0.0004849394943611864,2.2575503086395563e-10,5.608746431857131e-43,3.0363602386447525e-08
229,0.00012767126221700312,3.239195200588555e-22,0.005640080596728356,8.430791907176441e-19,0.0007605621826977545,1.9151245626835522e-10,2.6421526863387923e-14,0.002941867191286423,1.9823591971704482e-54,5.0611037529004206e-23,1.1099040053796427e-18,2.7284632877813296e-06,0.12898774562405238,4.371702847801735e-08,0.015677350094146992,0.13765864965127927,0.03604891264811901,2.600656604348057e-29,7.750947107949486e-17,0.6053996722358436,0.0005216970778640912,1.4226066194100511e-06,0.06568120971071661,5.524609521418615e-06,1.4143492595763882e-09,0.000544831692585297,2.0840793246591553e-10,3.040778115552078e-43,2.882170990753959e-08
230,0.00014764593087500865,2.6662630386530014e-22,0.0054880734857811145,6.494276232792738e-19,0.000839724582500885,2.2849594879412953e-10,2.353569855228708e-14,0.0024827353080871238,1.0732698362682528e-54,2.7213112067572354e-23,1.0656683159599746e-18,2.4712805630046962e-06,0.12822465546539016,4.052738581589689e-08,0.015407653724391603,0.17006318504140164,0.03154560709874515,1.6470408435814927e-29,5.0281004718383416e-17,0.5736164870056711,0.0006541180796543466,1.18878595830188e-06,0.07091199646992245,5.1490896942846815e-06,1.3837007484397098e-09,0.0006092385400311016,1.893626707459827e-10,1.7052585997548988e-43,2.7782364103823777e-08
231,0.00016827540377279592,2.224472763378289e-22,0.005401980829794359,5.089249387197088e-19,0.0009482357866327182,2.645735522485936e-10,2.0842825834568376e-14,0.002120785786432607,5.798152511981077e-55,1.5186619412519528e-23,1.0173677519970967e-18,2.2593176172365886e-06,0.12866511594704533,3.8497470840742935e-08,0.015126189777542043,0.20834401602482627,0.02763783710473637,1.0760172686976472e-29,3.3395057473619185e-17,0.5351720653526586,0.00080834621403702,9.945973452693037e-07,0.07492166261358318,4.8244924098860736e-06,1.330879529879529e-09,0.0006773431935094169,1.6867571728444798e-10,9.929671711253004e-44,2.7296436428280645e-08
232,0.00018827012685743348,1.884130756101584e-22,0.005389282358837818,4.068516813661111e-19,0.0010981689475157272,2.9558123923767187e-10,1.831808237804438e-14,0.0018361368077207047,3.1218424534289458e-55,8.840248419951276e-24,9.63800223950958e-19,2.0864891663943567e-06,0.13051125482575734,3.757381074298931e-08,0.014825013821859988,0.2524164017397177,0.024274093047986195,7.293467580814357e-30,2.2817424061002525e-17,0.49060551351732057,0.0009813224596749138,8.342504680830498e-07,0.07711899303357142,4.550017198806078e-06,1.2542966421077964e-09,0.0007480118461845817,1.4663426659320082e-10,6.021348605285045e-44,2.743982120480405e-08
233,0.00020594044082221456,1.6218990612041101e-22,0.005459437250633331,3.325787787322387e-19,0.001307393445768763,3.167543603277152e-10,1.5947060443541812e-14,0.0016127603329878508,1.672834176879969e-55,5.3867775567972316e-24,9.039438430391267e-19,1.9472229909586612e-06,0.1340018444000001,3.7763800445980226e-08,0.014494031995942522,0.3015356961170277,0.021401323668982567,5.153259341018549e-30,1.609977175259757e-17,0.4410135761288559,0.0011666437825394397,7.024497553387768e-07,0.07697446049353632,4.324881812146049e-06,1.1544584116683612e-09,0.0008198497054905502,1.2380610501102353e-10,3.8089043094620674e-44,2.83240190181348e-08
234,0.00021937851956662895,1.419498667792364e-22,0.005624216539256491,2.784585961006061e-19,0.001602411789138682,3.238156657206844e-10,1.3726645168658916e-14,0.0014377336292256476,8.906991179970232e-56,3.442068194607399e-24,8.372232389095705e-19,1.8364444904037496e-06,0.1394142976479303,3.913909630649962e-08,0.014122400502803093,0.35411751935376384,0.01896634680718749,3.807520794595576e-30,1.1761131123569257e-17,0.38807939701604166,0.0013544646438965976,5.944693344121955e-07,0.07416387452921694,4.148160428385145e-06,1.0344928811015366e-09,0.0008913092393923098,1.0103722632618363e-10,2.51360920866926e-44,3.010987130503425e-08
235,0.000226795777586001,1.2626211481393617e-22,0.005897992638318062,2.389966537583288e-19,0.002022372326529901,3.143522679895829e-10,1.1664601374960781e-14,0.001300614050022786,4.705152820477801e-56,2.305958436528138e-24,7.638054041124492e-19,1.7496022783290672e-06,0.14706355171332522,4.1840704312424346e-08,0.013700783957262049,0.40768966310236027,0.016916943506870626,2.9458376700586805e-30,8.904563417998029e-18,0.3339718515497814,0.0015322111127585442,5.061802742868434e-07,0.06871004026174597,4.0185745371112826e-06,9.001894150387629e-10,0.0009608294871286214,7.936377022062479e-11,1.7275974113319838e-44,3.302459950594226e-08
236,0.00022695235076694562,1.1400487516557072e-22,0.006297937022230777,2.1024161054960298e-19,0.0026243921752606095,2.889026759544878e-10,9.776992409621346e-15,0.0011929340549812937,2.462794406225704e-56,1.6162853164059774e-24,6.848234514943047e-19,1.6827495610412855e-06,0.15729681864259817,4.608403095000795e-08,0.013224122704754131,0.45906449337034766,0.015202803401033431,2.385304178005734e-30,6.983872209591209e-18,0.2810944666076347,0.0016861008785862015,4.340441251766111e-07,0.061055879151958516,3.934263048946644e-06,7.593519690676196e-10,0.0010269640095845404,5.983084397306165e-11,1.2321913798289433e-44,3.738140169180622e-08
237,0.00021952980215351174,1.0429662825230432e-22,0.0068440920335806595,1.8934235200925606e-19,0.0034898756048160444,2.5110461360518853e-10,8.083191734514501e-15,0.0011078076572370644,1.2763583540248182e-56,1.1809195766974964e-24,6.023995355254868e-19,1.6326703905434799e-06,0.1704839632990985,5.216111640557981e-08,0.012694062432068208,0.5047537392098531,0.013776463307580556,2.0166834421606708e-30,5.66339605013754e-18,0.23172447220157555,0.0018030985245679726,3.7508342922749314e-07,0.052008449658834104,3.892579119112492e-06,6.205165000145953e-10,0.0010884492604643563,4.32619744452743e-11,9.071967891439201e-45,4.359922387879363e-08
238,0.0002052724513847809,9.644337614164861e-23,0.007559315567954641,1.7423107299304172e-19,0.004730492559373459,2.0666550733814732e-10,6.5994580160224195e-15,0.0010396312277702617,6.549347251731235e-57,8.951238850673647e-25,5.193843500418608e-19,1.597008841570527e-06,0.18700451230406545,6.043610023958405e-08,0.012119958125794887,0.5415273462900314,0.012594289482403511,1.7736681670553855e-30,4.734352037650429e-18,0.18764753712157464,0.0018727169988694856,3.268365362465031e-07,0.042548815587328204,3.8899706454383e-06,4.914001299690264e-10,0.0011441850853772875,3.007047073490202e-11,6.84867786702505e-45,5.221780569818276e-08
239,0.00018580865143084436,8.989811620904652e-23,0.008469125223425748,1.6339945283421593e-19,0.006490600209910465,1.6161212556629496e-10,5.3331540837072324e-15,0.000983854472057722,3.329825451085712e-57,7.001822750479689e-25,4.388569715245109e-19,1.5743454850894673e-06,0.20723331960411673,7.132884805788436e-08,0.011517750846892784,0.5669179154553888,0.01161741932920066,1.6152990420777616e-30,4.065027744159734e-18,0.14991500379732065,0.0018881917413776353,2.873017270578488e-07,0.033581953806310745,3.921983851968002e-06,3.776232568422694e-10,0.0011931374435575678,2.020166141441818e-11,5.261091167095486e-45,6.389965493034541e-08
240,0.00016322466067719338,8.422907074421823e-23,0.009601453518427616,1.557415964770972e-19,0.008940011208557449,1.206942037778937e-10,4.279744485824141e-15,0.0009367966939678454,1.6796524958724582e-57,5.622542438098969e-25,3.6356277277760027e-19,1.5641871734310455e-06,0.2315266632906262,8.528067406478798e-08,0.010906983865224651,0.579484118205971,0.010812471804638952,1.5158557279625043e-30,3.571038138738478e-18,0.11880077964162761,0.0018469273995251959,2.5487483405778106e-07,0.0257403952999379,3.983382702095108e-06,2.82122104786429e-10,0.0012342068630837406,1.3227445803602945e-11,4.079149681981528e-45,7.940630297789627e-08
241,0.00013958304768230045,7.909475727642593e-23,0.010986251142198238,1.5044311741437442e-19,0.012247613503127901,8.660461808864758e-11,3.4234268267025364e-15,0.0008954907326416232,8.419836392120573e-58,4.613041716649256e-25,2.955017703714741e-19,1.5668818406879644e-06,0.2602083335612052,1.0269530848059997e-07,0.010307145349096538,0.5787824924858402,0.010151838280677087,1.4589897982698288e-30,3.1974317936844768e-18,0.09394227537577685,0.0017504557147891456,2.2828484401241245e-07,0.019316339256182823,4.068325167224572e-06,2.0532073649190025e-10,0.00126611553159968,8.530199221101678e-12,3.165759390592533e-45,9.95315630023559e-08
242,0.0001165681503850082,7.422576896215528e-23,0.012654783879299253,1.4690116067612193e-19,0.016524420762897948,6.008554178487007e-11,2.740527324376948e-15,0.0008575477200337759,4.201359072131546e-58,3.85149295842641e-25,2.357840398639806e-19,1.5835030907491665e-06,0.2935512968577353,1.2384820173993532e-07,0.009734714136504912,0.5651569047272622,0.009613492472532346,1.4342681407917211e-30,2.9078267545255722e-18,0.07457780117367331,0.00160422274498012,2.0653225968887016e-07,0.014314683123468052,4.170519190886754e-06,1.4580732997152628e-10,0.001287354665374116,5.480663457677587e-12,2.4389533182459608e-45,1.249717345659583e-07
243,9.533345494728968e-05,6.941417082299858e-23,0.014638458514411942,1.4466522900598662e-19,0.021728869559905443,4.054406417995415e-11,2.203853663172343e-15,0.0008210440878377665,2.089829345977977e-58,3.261673882847935e-25,1.847250200035648e-19,1.6157440364926762e-06,0.3317455502073262,1.4875943986239862e-07,0.009201702041824442,0.5395225891398858,0.009180429921694872,1.4350909092663282e-30,2.677786071731437e-18,0.05978216912303036,0.001417362438592192,1.8883434099260898e-07,0.010563878400621054,4.283316653479612e-06,1.0115008443903371e-10,0.0012962201927528244,3.5484066341725774e-12,1.8500270209545512e-45,1.561174541502247e-07
244,7.651843231946589e-05,6.451117510098872e-23,0.01696718303104377,1.4339284818718387e-19,0.027545024225170238,2.674160100161008e-11,1.786434904076214e-15,0.000784436237128757,1.0375490679462127e-58,2.794225935711325e-25,1.4206567599326771e-19,1.6658251086601273e-06,0.37483782606820615,1.770327637839117e-07,0.00871569364663933,0.5032713406451242,0.008839955485749073,1.4573998636914986e-30,2.4908230551107902e-18,0.04863999362818176,0.0012023735688356583,1.745796522232151e-07,0.007822085858326782,4.399775337737803e-06,6.858238393626907e-11,0.0012909590888150828,2.3386278634474797e-12,1.3703242244995034e-45,1.9277393305662622e-07
245,6.035711144635654e-05,5.943200417092203e-23,0.019667650635213862,1.4281696957715518e-19,0.033281251248854546,1.7306282874609652e-11,1.4639243952377746e-15,0.0007465099919756659,5.147694452671014e-59,2.4157216156964657e-25,1.0720088049411831e-19,1.7363847728200798e-06,0.4226267179730006,2.0767948143801992e-07,0.008280890469037457,0.4583112072288988,0.008583027538728851,1.4988468699698524e-30,2.3360745203269887e-18,0.0403428698365907,0.0009744392013010044,1.6329219639190698e-07,0.0058481827024281854,4.512785747839363e-06,4.545037304811274e-11,0.0012700419912621385,1.5814366985665886e-12,9.828435366299166e-46,2.3386472380748547e-07
246,4.6810400393663836e-05,5.416353335969071e-23,0.022762420998018288,1.4272348311745108e-19,0.03788242177245096,1.1015679715701895e-11,1.2156860098220032e-15,0.0007063725738000756,2.5561328801172577e-59,2.1022482377652138e-25,7.934732074649332e-20,1.8303085356066213e-06,0.47450551188169726,2.389755209721981e-07,0.007899535636684092,0.40714151176273916,0.00840375545175814,1.5582319279320732e-30,2.2069882402231005e-18,0.034225581694104446,0.0007500936591389756,1.5460343494969436e-07,0.0044363175942214676,4.61537957809418e-06,2.9438769107754606e-11,0.0012325500237609767,1.1025552190019976e-12,6.7666802111731606e-46,2.7724260446653017e-07
247,3.5683229443849523e-05,4.8766488291847904e-23,0.026270896166711813,1.4293739743524406e-19,0.04015850470110803,6.9021533078455075e-12,1.0249363785320254e-15,0.0006634912577213168,1.2730828906047646e-59,1.835822384535364e-25,5.763606228570114e-20,1.950473057853374e-06,0.5292774966144764,2.6844076874022656e-07,0.007573134863562332,0.35280045955502004,0.008298980861459826,1.6350944562731242e-30,2.1004773434876945e-18,0.029764707718804174,0.0005451132797036323,1.4822902761122818e-07,0.0034255410040176276,4.701277416850431e-06,1.8642976722422936e-11,0.0011786025244485525,7.934399015163668e-13,4.431994500175382e-46,3.197769118647262e-07
248,2.6711203830941372e-05,4.3362966972754156e-23,0.03021271625349285,1.4331538459295697e-19,0.03923873178627839,4.255038867846219e-12,8.78355867293453e-16,0.0006177685132711495,6.378068810992298e-60,1.6027416833654114e-25,4.1153259236350617e-20,2.0994416783840316e-06,0.5850297596634575,2.9306002180984786e-07,0.007302987728374901,0.2985584126295796,0.00826772592909004,1.7293805811417912e-30,2.0160554476976197e-18,0.02655930234227034,0.0003719136006843987,1.4394659599816374e-07,0.0026966344399999495,4.76559060544507e-06,1.1557571768574067e-11,0.0011096760222999837,5.879209168072929e-13,2.737251355761895e-46,3.5783206686582305e-07
249,1.9614093425056837e-05,3.810595363878856e-23,0.03461255741626376,1.4374129538189676e-19,0.03505586402930673,2.577403193786952e-12,7.654870025895617e-16,0.000569615469255153,3.224835561317655e-60,1.3932191542753893e-25,2.8967852759139537e-20,2.279223253361228e-06,0.6392088173386569,3.0982826893682403e-07,0.007089782466578785,0.24738901883903874,0.00831027939183967,1.841134067353993e-30,1.9546565887835267e-18,0.024306338470459495,0.00023725552501187498,1.4157203081619668e-07,0.0021642974232540906,4.805430045288093e-06,7.030859574111316e-12,0.0010286354182669668,4.4619265409902376e-13,1.5817225235678942e-46,3.880549892650302e-07
250,1.4120119084641344e-05,3.313951879601674e-23,0.03950378333225698,1.4412142135751147e-19,0.028511431668115296,1.5319893538686165e-12,6.781279300332741e-16,0.0005199578404988955,1.6503149946861718e-60,1.2015171582194862e-25,2.017422439622974e-20,2.4912347865348905e-06,0.6890104082828546,3.1654018670479826e-07,0.0069324841363919525,0.20144548649157978,0.008426922920569811,1.970187652050796e-30,1.917224025802843e-18,0.02277763437942392,0.00014131929674024188,1.4093543291169694e-07,0.0017688898342508206,4.820131604302535e-06,4.211162774441318e-12,0.0009393846955253774,3.445859673120218e-13,8.505600141610673e-47,4.0815460875658746e-07
251,9.970663553707086e-06,2.856716550911057e-23,0.04492871436788794,1.4437859517966463e-19,0.021116232595805823,8.932938076491963e-13,6.098357351248908e-16,0.00047011451366836874,8.562091374439889e-61,1.0256845378188621e-25,1.3949214753633608e-20,2.736523004425958e-06,0.7320132227214131,3.1250237661625047e-07,0.0068272702208787995,0.16181390771755122,0.00861670358378793,2.1158736292603513e-30,1.903520470966835e-18,0.021801086327465503,7.87632981870759e-05,1.4186231449368376e-07,0.0014693636146105651,4.810980431273502e-06,2.492992180533153e-12,0.0008462311922487617,2.691894967646993e-13,4.250032182982919e-47,4.173111582054716e-07
252,6.918773569492094e-06,2.444128331979897e-23,0.050935882332736576,1.4444706435651976e-19,0.01431487675430157,5.116214693578943e-13,5.555747118411212e-16,0.0004215511864159378,4.503434148514845e-61,8.663808919664553e-26,9.600722527452158e-21,3.0161294728859405e-06,0.7667565760184003,2.9875461858906136e-07,0.0067673592673052835,0.12863227216152093,0.00887688045605262,2.2768093312834577e-30,1.9116407190107765e-18,0.02124675996372159,4.1316176330111105e-05,1.4416707209758811e-07,0.0012377416302705683,4.7805976047038876e-06,1.4642291596762857e-12,0.0007532095433343573,2.1183451243438848e-13,1.9797719327030996e-47,4.1608508408769446e-07
253,4.73197935285247e-06,2.0772093992519365e-23,0.0575770956596662,1.4427037242860281e-19,0.008964919121654999,2.886007649506483e-13,5.114785999925315e-16,0.00037559515591121135,2.398077070943491e-61,7.251155237817031e-26,6.5876181748428936e-21,3.3313785644845365e-06,0.7929381087327007,2.776430155323588e-07,0.006743995154426268,0.10142697892591904,0.009203382495895989,2.450805447447191e-30,1.938333203378787e-18,0.02101710138686946,2.0579236239061368e-05,1.4766078255804375e-07,0.00105501710293493,4.732291145445971e-06,8.561227660043974e-13,0.0006636000819856809,1.6756702579139784e-13,8.663838482827101e-48,4.0599162297474514e-07
254,3.20106605537604e-06,1.754409576159648e-23,0.0649067698822803,1.4380191636469673e-19,0.005248752207054081,1.6090236161827512e-13,4.746645730655586e-16,0.00033322635796147117,1.2902091077653594e-61,6.027734062577075e-26,4.509815110308286e-21,3.68393907347353e-06,0.8111720025995875,2.520173164645372e-07,0.006748047033352957,0.07944915202861168,0.009591986744670804,2.634885437426125e-30,1.979791041532469e-18,0.021039926110094184,9.835956643985435e-06,1.521672065971521e-07,0.0009082228512720204,4.669572269000868e-06,4.997809149953391e-13,0.0005797304590512843,1.3314868629700824e-13,3.599719887516114e-48,3.890067044642229e-07
255,2.1493150320073986e-06,1.4729454475787276e-23,0.07298349628978787,1.430057270783875e-19,0.002910292156107442,8.897816885764097e-14,4.430523871152932e-16,0.00029500529419694516,6.999670042746777e-62,4.9900545718735655e-26,3.081697858618061e-21,4.075677303752355e-06,0.8225363032419344,2.2450359652910392e-07,0.006771387426463695,0.06189347586765311,0.010039549200914056,2.8253476719237623e-30,2.0324232204810856e-18,0.021262942099392057,4.560067970116867e-06,1.5753712175630252e-07,0.0007884105862977501,4.5958577222879904e-06,2.9206408749905655e-13,0.0005030077051101929,1.0627119498961779e-13,1.436475569073901e-48,3.6717290809343735e-07
256,1.4368126154938461e-06,1.2295224994301707e-23,0.08187211412700615,1.4185560658616352e-19,0.0015477900058125202,4.895575867083969e-14,4.1518079722464877e-16,0.00026111746535167603,3.823427513103176e-62,4.1238048210239176e-26,2.102884954621319e-21,4.50841605655071e-06,0.8281793730515236,1.9711390807057143e-07,0.006807566823198051,0.04800149514722488,0.010544789185616162,3.0178038875344806e-30,2.093301343835601e-18,0.021649143850758095,2.0714532123896526e-06,1.6365471799850652e-07,0.000689300662798944,4.5142941572346815e-06,1.712713112603961e-13,0.0004340755876206026,8.519527831740071e-14,5.566230342490508e-49,3.4234811569914696e-07
257,9.587568515878151e-07,1.020633293140155e-23,0.09164479528235431,1.4033268513605082e-19,0.0007988665109375213,2.6865661465124565e-14,3.900384715226232e-16,0.00023147372706927477,2.100679816477411e-62,3.4085335243776433e-26,1.4337653285162406e-21,4.9836924931310165e-06,0.8291021606382538,1.7117600881961616e-07,0.006851829478613344,0.03709800137145619,0.011108550825036955,3.207176105627367e-30,2.160257127738865e-18,0.02217295564206282,9.302376037119328e-07,1.7043606787001047e-07,0.0006063983934587983,4.427654031450533e-06,1.0101718417554259e-13,0.00037301010054063035,6.85876327210646e-14,2.1146093555007314e-49,3.1607696293885116e-07
258,6.399237972080276e-07,8.426921388506005e-24,0.10238073969450752,1.3842256228501947e-19,0.00040432597481113836,1.473299784459184e-14,3.669265608114291e-16,0.00020581478372191638,1.1603141946248172e-62,2.822008764025882e-26,9.773837624546716e-22,5.502541798186749e-06,0.8260903425550163,1.4743962900731845e-07,0.006900775622758537,0.028599640277264915,0.011733740478877411,3.3876794521319164e-30,2.2317652418394423e-18,0.022817186053557578,4.1613652182563917e-07,1.7782318504800824e-07,0.0005364196536251355,4.338284479746421e-06,6.005601912397871e-14,0.0003195032048214762,5.542895852252298e-14,7.939749188603703e-50,2.8955149652605566e-07
259,4.2795221827475114e-07,6.921403209606787e-24,0.11416479078213271,1.36113060553758e-19,0.0002024786187703842,8.08573575620958e-15,3.4535797897125224e-16,0.00018379467514836016,6.442061567607965e-63,2.3430009177787018e-26,6.666278197587168e-22,6.0652911432242544e-06,0.8197259458804866,1.2623402184142806e-07,0.006951945996790689,0.022013661864216508,0.012425169491266302,3.552835193892224e-30,2.3067555896180976e-18,0.02357077985538931,1.8663677193734174e-07,1.8577709442646026e-07,0.00047691547056943694,4.248101327308977e-06,3.606326212929215e-14,0.00027301374324375204,4.494473831756829e-14,2.9660617313133636e-50,2.636293193231542e-07
260,2.871587622848599e-07,5.655484815087094e-24,0.12708538048208856,1.333930141614434e-19,0.00010109579732874638,4.446136149897721e-15,3.2498856095839086e-16,0.00016503841507968514,3.595265880230281e-63,1.9526183560137547e-26,4.552361058130838e-22,6.6713403045146204e-06,0.8104253773780552,1.0761207756667261e-07,0.007003470377697476,0.01693230842368932,0.013189442320166724,3.695554434405198e-30,2.3844400458024293e-18,0.02442724018848533,8.43798713090527e-08,1.9427174827448952e-07,0.00042602349536164985,4.158617098709176e-06,2.191634424408741e-14,0.00023288085961869424,3.654767655260559e-14,1.1084901139050452e-50,2.388825027952233e-07
261,1.9356789282925408e-07,4.5970360183013714e-24,0.14123201677953942,1.3025205501150503e-19,5.065199051000572e-05,2.4518260389356316e-15,3.055717360293711e-16,0.0001491780279949025,2.0173482679309718e-63,1.6347154606070756e-26,3.114671923541031e-22,7.318914225498745e-06,0.7984785883267038,9.14606274860838e-08,0.007053815318606429,0.01302442299511348,0.014034941178177347,3.8083227843375955e-30,2.464182301996071e-18,0.025383548724467762,3.863356500691779e-08,2.0328925970884447e-07,0.0003823009436696187,4.0709886642899386e-06,1.3504176991605198e-14,0.00019840320370513503,2.979107410203889e-14,4.1633210435731296e-51,2.1565723127037196e-07
262,1.3121747074442257e-07,3.7166847528320305e-24,0.15669231321891214,1.2668117595100384e-19,2.5605560369781274e-05,1.3570284848343613e-15,2.869290428113572e-16,0.00013587320136958548,1.1384191121586401e-63,1.3758178094039378e-26,2.136369811323197e-22,8.004784693967178e-06,0.7840817384200327,7.757728316061543e-08,0.007101616917830376,0.010025390878759274,0.014971909678008868,3.883506363624372e-30,2.5454090752554597e-18,0.026439426589120383,1.7984218355954883e-08,2.128162508014427e-07,0.00034461060368115294,3.986071455234977e-06,8.451381767006013e-15,0.00016889034902369332,2.4332847831607565e-14,1.57749225239743e-51,1.9413148536333618e-07
263,8.95396781879277e-08,2.9881160194313497e-24,0.17354843022335648,1.226738448702765e-19,1.3120372248796991e-05,7.543801433950753e-16,2.689308863244856e-16,0.00012482191359173588,6.463223693984245e-64,1.1648404528207265e-26,1.469854056219173e-22,8.723968509537136e-06,0.7673631206384597,6.572067873910887e-08,0.007145573041257138,0.007726570357857003,0.01601262175976826,3.913788962044699e-30,2.627551320542816e-18,0.027596816921286127,8.540928634690743e-09,2.2284093467768097e-07,0.0003120419408074556,3.904471145325621e-06,5.381152530969147e-15,0.00014369338506009941,1.9908747794577328e-14,6.0496513475210044e-52,1.743644059424069e-07
264,6.155893208367017e-08,2.3881245382225544e-24,0.1918727494073437,1.1822749629392772e-19,6.841188528104114e-06,4.214811330493968e-16,2.5148387415675107e-16,0.00011576495188600761,3.69311847995465e-64,9.927445908834732e-27,1.0149211469048217e-22,9.469418518190322e-06,0.7484040863608998,5.564152979551276e-08,0.0071843737712835925,0.005965172845317181,0.01717162139266575,3.8927359954774315e-30,2.7100045370989196e-18,0.028859506438705863,4.15053960237582e-09,2.3335059441214473e-07,0.00028385572191472305,3.8265878489514855e-06,3.491470226647586e-15,0.00012222087810816152,1.6312796211371683e-14,2.3547875867812033e-52,1.5633536344979254e-07
265,4.2675599181594546e-08,1.896494420107515e-24,0.2117226091355073,1.1334527570683995e-19,3.642026016746219e-06,2.368220761036203e-16,2.3452244086957697e-16,0.00010848698135138803,2.124787750235423e-64,8.522007133425833e-27,7.036585067765007e-23,1.0231733160911988e-05,0.7272567040845902,4.710061358305824e-08,0.007216656500515853,0.0046151990396320975,0.01846602190884586,3.8154605971082046e-30,2.7921006771672144e-18,0.030232830079670283,2.0693531181490994e-09,2.443292233766895e-07,0.00025944457603059264,3.7526510050732613e-06,2.312032582407509e-15,0.00010394513564495171,1.3383074352001677e-14,9.326055223754587e-53,1.3997322334522595e-07
266,2.985531371911238e-08,1.4957744846438856e-24,0.23313397751421847,1.0803793378483613e-19,1.9853063490494417e-06,1.3390098773548108e-16,2.1800332734376305e-16,0.00010281591419466994,1.23140502212088e-64,7.372860281748533e-27,4.900740664391128e-23,1.0998920506237225e-05,0.7039594252028172,3.987820038716963e-08,0.0072409785219541,0.0035797007889450394,0.01991585638038203,3.679340270259491e-30,2.8730875282035454e-18,0.031723420095932396,1.06097915705031e-09,2.5575519024011815e-07,0.00023830446262679763,3.6827450507895737e-06,1.564826554658836e-15,8.840241995663895e-05,1.0991350344477663e-14,3.766222370788466e-53,1.2517737010902368e-07
267,2.1092975423754497e-08,1.1710022662409513e-24,0.2561140273353148,1.0232576097814563e-19,1.1108509661479627e-06,7.622915670787216e-17,2.0190198596736492e-16,9.862171084311204e-05,7.191697900631273e-65,6.432245514482845e-27,3.4302004555161435e-23,1.1756263790278541e-05,0.6785515832539805,3.37781141078119e-08,0.00725580442804694,0.002784398494902781,0.02154447072772017,3.4847012275115206e-30,2.952113979226364e-18,0.03333897190741103,5.605474276198369e-10,2.675988769151902e-07,0.00022001368319612472,3.6168270314392177e-06,1.0839775229087778e-15,7.518965397400269e-05,9.035433950889973e-15,1.5538145266871272e-53,1.1183229855974681e-07
268,1.5060105844412056e-08,9.094132003691477e-25,0.28063271454366456,9.624042276166637e-20,6.393541225598214e-07,4.3721264385979766e-17,1.8621026933499205e-16,9.581534262451585e-05,4.234282243309361e-65,5.6616939841967696e-27,2.4138678558357372e-23,1.2486345744029625e-05,0.6510871795720096,2.862856767515587e-08,0.007259508503759582,0.00217254571885799,0.023378949155191567,3.235357507339889e-30,3.0282213681484468e-18,0.03508800661336005,3.0572182726917197e-10,2.798203166810677e-07,0.00020421717111607983,3.5547378054791274e-06,7.69490893363203e-16,6.395930959873166e-05,7.43346924228292e-15,6.559880173431218e-54,9.981742497672292e-08
269,1.0873459916227785e-08,7.001578973230027e-25,0.30661365737175167,8.982651030357775e-20,3.791850545137229e-07,2.527900678421922e-17,1.709349184210862e-16,9.43483911935124e-05,2.514212767385968e-65,5.030231683269966e-27,1.708490384745693e-23,1.316929561612469e-05,0.6216480659555924,2.4281175902052347e-08,0.00725039403433996,0.0017008707511166215,0.02545055736596095,2.938872560731524e-30,3.100342358502035e-18,0.036979616653903535,1.7238812910235004e-10,2.9236694122788965e-07,0.00019061452740736735,3.4962087541464735e-06,5.604073254867164e-16,5.4413551869990484e-05,6.119616381352525e-15,2.8379885482431343e-54,8.901346723494111e-08
270,7.943348520572212e-09,5.340405525145958e-25,0.33392487062404136,8.314257106091321e-20,2.320641015987983e-07,1.474311530236974e-17,1.5609644996893215e-16,9.421360195995104e-05,1.5060156905378817e-65,4.5129113707437514e-27,1.2166784036248681e-23,1.3783321672078707e-05,0.5903562826967165,2.060903447607384e-08,0.007226732259903187,0.0013364106299989516,0.02779518329977473,2.6064143722977273e-30,3.1673096363306074e-18,0.03902318845573383,1.0062142746717297e-10,3.051716332986724e-07,0.00017895076201219235,3.440866057032172e-06,4.191180378375079e-16,4.6298286961299046e-05,5.0407420609598445e-15,1.2596515538202334e-54,7.930642408445249e-08
271,5.874179115479796e-09,4.0328489392919875e-25,0.3623702159855081,7.626134378613064e-20,1.467199851519685e-07,8.678669579060561e-18,1.417280866698509e-16,9.544661009719414e-05,9.102498720827728e-66,4.089619359096106e-27,8.720714837122611e-24,1.4305578024116528e-05,0.5573849365690111,1.750440907208332e-08,0.007186823563333201,0.0010540643671371364,0.030453748559773716,2.252113206890612e-30,3.2278771325238597e-18,0.04122810511851034,6.085266381036873e-11,3.1815137180784166e-07,0.0001690090333781548,3.3882347037190613e-06,3.2212818940833435e-16,3.939747981643038e-05,4.153853187703316e-15,5.741265478282641e-55,7.058990457149561e-08
272,4.399147129051666e-09,3.01329790988746e-25,0.3916827457211625,6.926891234136453e-20,9.590092114365451e-08,5.1597929346301895e-18,1.2787440382410803e-16,9.812899006969412e-05,5.552037683660961e-66,3.744108543318339e-27,6.293311012079979e-24,1.4713383055459747e-05,0.5229666343180647,1.4876353305421286e-08,0.0071290821870592476,0.0008347146294688039,0.03347255725784301,1.8919099193239708e-30,3.2807563196387823e-18,0.04360344374766503,3.815373509103175e-11,3.312068346719154e-07,0.00016060490687669747,3.3377444561392947e-06,2.545694378163452e-16,3.35279265294196e-05,3.424086422554671e-15,2.6887517257840075e-55,6.276633559545624e-08
273,3.337256042585064e-09,2.226539726932999e-25,0.4215213706544711,6.22625353318621e-20,6.483073871116743e-08,3.10039369822602e-18,1.145894062230247e-16,0.00010239272033480464,3.4175299831987435e-66,3.463215479445744e-27,4.573867501270542e-24,1.4985754820617346e-05,0.4873981898138354,1.2648430635441893e-08,0.007052143137659943,0.0006637926082550235,0.036903544028010965,1.5419959883099663e-30,3.324669195689878e-18,0.04615769536575376,2.4807018577137097e-11,3.4422336629109397e-07,0.0001535818096682777,3.288739872667633e-06,2.0690853056486763e-16,2.8534555308242946e-05,2.8231192981967047e-15,1.2942398230150343e-55,5.574740725024818e-08
274,2.5649486561752096e-09,1.6262764263047208e-25,0.4514723677010956,5.534702406345635e-20,4.532912726065795e-08,1.8841214338730892e-18,1.0193382088119616e-16,0.00010842608415794124,2.1227135067481097e-66,3.23622606486873e-27,3.3487345833897444e-24,1.5105159107170129e-05,0.4510402012411184,1.0756626185040738e-08,0.00695498593558444,0.0005301850553495773,0.040804380842310126,1.2170697909256595e-30,3.3584176723113264e-18,0.04889854855676247,1.6724244588939086e-11,3.5707368877493296e-07,0.0001478074682483723,3.240496135760225e-06,1.7295284137053734e-16,2.428626501791781e-05,2.327905195108677e-15,6.403150061569135e-56,4.9453994428363235e-08
275,1.9973157876049254e-09,1.1738775294267554e-25,0.4810570366791166,4.8629737477858223e-20,3.2769210146971275e-08,1.1588440803156144e-18,8.997151140097774e-17,0.00011648092675164928,1.3300827207017085e-66,3.0543607467448472e-27,2.4704528928355386e-24,1.5059288742365285e-05,0.41431026967600587,9.147481007088323e-09,0.006837064883007118,0.0004254036697814844,0.045238404021839776,9.287264547768345e-31,3.380966224098862e-18,0.051832787784196914,1.1685506201156501e-11,3.696226058704454e-07,0.0001431711888908596,3.1922416831105037e-06,1.486287781625792e-16,2.0672275972804635e-05,1.9196600530367837e-15,3.2548839061616546e-56,4.381571098678739e-08
276,1.5755981178729856e-09,8.373310610161512e-26,0.5097462267541448,4.221452310141022e-20,2.4476306572226506e-08,7.219378889454218e-19,7.876509171238153e-17,0.00012688103996703263,8.404238216541698e-67,2.9103558920201537e-27,1.8368351899721343e-24,1.4842627566492728e-05,0.3776691983033142,7.776451044799149e-09,0.006698430511245514,0.00034295466795328824,0.05027432837754523,6.843159271660583e-31,3.3915311468138946e-18,0.05496635934794054,8.455044488716704e-12,3.8173369836650437e-07,0.0001395818891609289,3.14318749394881e-06,1.3122521008750024e-16,1.759895295469693e-05,1.5830469565231848e-15,1.698801345795906e-56,3.8770202339253855e-08
277,1.258835696096353e-09,5.903522651967497e-26,0.5369814725747069,3.6195208931617386e-20,1.8869996399328503e-08,4.559215268813269e-19,6.837102324865873e-17,0.0001400312305310343,5.351920381602343e-67,2.7981228812057427e-27,1.3767583954531328e-24,1.4457524564840769e-05,0.3416004829010091,6.606477619408716e-09,0.006539823344446236,0.0002778606121094774,0.0559857229170133,4.865181839147141e-31,3.3896663476306467e-18,0.05830464817828465,6.327665959963963e-12,3.93277655115236e-07,0.00013696681664913466,3.092561433140011e-06,1.1891954314010373e-16,1.4987057701227145e-05,1.305517989509631e-15,9.094476375649235e-57,3.426225700756773e-08
278,1.0182607725988177e-09,4.116109516742185e-26,0.5622012436260314,3.064946519983469e-20,1.4995857270328902e-08,2.9213186718195583e-19,5.883467832822676e-17,0.00015642632927036153,3.432491452335289e-67,2.712470608410847e-27,1.0404892403224656e-24,1.3914535960593626e-05,0.30658464718272194,5.606750216954745e-09,0.00636272081726877,0.00022629782152297137,0.062450228351342264,3.3370757006936837e-31,3.375333328742015e-18,0.061852985384887496,4.890948817771065e-12,4.041414870630028e-07,0.0001352709047628581,3.0396445872186295e-06,1.104774333930657e-16,1.276939158615822e-05,1.0767824688065235e-15,4.987423678115316e-57,3.024281031941623e-08
279,8.335123767413512e-10,2.840438502933149e-26,0.5848696062704973,2.5633922283891663e-20,1.2265007554833768e-08,1.9009909973022116e-19,5.0185984210775205e-17,0.00017665900253652344,2.215329248221539e-67,2.648880397316167e-27,7.930786453197171e-25,1.3231894577388111e-05,0.27307120258526774,4.751641789588444e-09,0.006169322403528298,0.0001853214422860958,0.06974849609207188,2.209672200786759e-31,3.3489430432172245e-18,0.06561737222833806,3.897816903767262e-12,4.142375381583443e-07,0.00013445672152277458,2.9838054562011902e-06,1.050603594105803e-16,1.0888794403272798e-05,8.883777590831291e-16,2.797465598290487e-57,2.6667915733433633e-08
280,6.900659942645941e-10,1.9422723163294895e-26,0.6045038039453318,2.1181295187684485e-20,1.0306440775707907e-08,1.2575960815797857e-19,4.243627010644321e-17,0.00020142472510692986,1.4374348875215613e-67,2.6033249350499294e-27,6.098378058882669e-25,1.2434121542260758e-05,0.24145183918156016,4.019798895516079e-09,0.005962466806352051,0.00015265698000285546,0.07796281782066379,1.4145078732199914e-31,3.3113602626546375e-18,0.06960536842096188,3.196744601468334e-12,4.235110559371866e-07,0.00013450497375990065,2.9245276145730827e-06,1.0210097309230286e-16,9.296468782598504e-06,7.333239551209618e-16,1.6020784580528115e-57,2.349776206432525e-08
281,5.774776208580676e-10,1.3179584220437868e-26,0.6206972028999905,1.7299932362403833e-20,8.88169130423112e-09,8.467320286438851e-20,3.557679606890891e-17,0.00023152167115388734,9.367258666966872e-68,2.5721247928028265e-27,4.732298770552255e-25,1.1549965919721131e-05,0.21203854786762313,3.3933716710015276e-09,0.00574548677973364,0.00012654222571774253,0.08717539350340775,8.773679141814374e-32,3.2638667475630735e-18,0.07382706201915278,2.6926882645616367e-12,4.319451999002542e-07,0.0001354155437235167,2.86142725869432e-06,1.0122156137731038e-16,7.950600074556187e-06,6.058472669940766e-16,9.350056418120924e-58,2.0695810125054926e-08
282,4.881764776954686e-10,8.890459185643891e-27,0.6331348436502902,1.3975757980000262e-20,7.834577273990483e-09,5.809172714003494e-20,2.957917076047652e-17,0.00026784260560337985,6.1240130618769495e-68,2.551837599857272e-27,3.7072684282910496e-25,1.0609991535044926e-05,0.1850496076543538,2.857370495518757e-09,0.0055220187244745264,0.00010560738607220371,0.09746615801405169,5.289205572086616e-32,3.2080865534880904e-18,0.07829602443932927,2.32474385815657e-12,4.3956274928078223e-07,0.0001372090635456362,2.794258809381224e-06,1.0218028255707626e-16,6.815238630287912e-06,5.011594016513746e-16,5.550144165398405e-58,1.8228105632647565e-08
283,4.166294618423431e-10,5.973708426134933e-27,0.6416003002345111,1.1176141967654802e-20,7.061046108026586e-09,4.066302350037931e-20,2.4397535898083252e-17,0.0003113551820541275,4.012038996664916e-68,2.539176141953639e-27,2.9332631294221574e-25,9.644184799825551e-06,0.16060491773602978,2.3991367369231967e-09,0.005295792226281069,8.878415894379145e-05,0.10891006070092303,3.1108505770923433e-32,3.1458832738380427e-18,0.08303016181741396,2.0530994133580988e-12,4.464243281030075e-07,0.00013992907707511954,2.7229089784204976e-06,1.0483554430445543e-16,5.859406998181865e-06,4.1528202558323425e-16,3.344220719427259e-58,1.6062797700776233e-08
284,3.587589854217465e-10,4.006856140945768e-27,0.6459742546849521,8.85493694230572e-21,6.490751794826648e-09,2.907934510711786e-20,1.9972102911683853e-17,0.0003630665059871801,2.63084898297978e-68,2.530952714686003e-27,2.3452085994081177e-25,8.67991895612042e-06,0.13873043227745704,2.0079143750557016e-09,0.005070426869778549,7.52367126998626e-05,0.12157367880612292,1.792883821082049e-32,3.0792430604103333e-18,0.0880523999022291,1.8512590212856256e-12,4.526235343245022e-07,0.00014364489622931096,2.6473817899955375e-06,1.0912241030967343e-16,5.056391126708273e-06,3.4490688376955353e-16,2.041468069122564e-58,1.4169859901636058e-08
285,3.115346420782011e-10,2.689012666329467e-27,0.6462266477855483,6.957834818297885e-21,6.075603384377435e-09,2.1275168972803437e-20,1.6233450303095486e-17,0.00042396761466130365,1.7247338375153004e-68,2.5240480563979224e-27,1.8957864746162058e-25,7.740498673005247e-06,0.11936996109144422,1.6745083176126573e-09,0.004849259716296555,6.430921407431501e-05,0.13551105444769473,1.0174116840187729e-32,3.010157896265297e-18,0.09339117448866928,1.7013172960744804e-12,4.5827978208259164e-07,0.00014845532612736947,2.5677784033299133e-06,1.1503711621860257e-16,4.3831742953825415e-06,2.872835827844761e-16,1.2601921522427223e-58,1.2520981977405536e-08
286,2.726849132903959e-10,1.8097474557484105e-27,0.6424051047280147,5.4273085465957715e-21,5.7825309782079745e-09,1.594703716127122e-20,1.3106961017821007e-17,0.0004949539607608422,1.1291204751300317e-68,2.515404096193781e-27,1.5503890782562621e-25,6.844366595026366e-06,0.10240169799494928,1.3910146373915374e-09,0.004635218546193881,5.5485842240362104e-05,0.15075868312468668,5.713481814884232e-33,2.9405210488287117e-18,0.0990807316108247,1.5910344782665604e-12,4.635298466643471e-07,0.00015449350655693896,2.484275936153753e-06,1.2262715731063503e-16,3.819975991159993e-06,2.4012850852277097e-16,7.852590113873743e-59,1.1089581651822372e-08
287,2.4049232755088587e-10,1.224262573560803e-27,0.634622439332883,4.2066444218520134e-21,5.588849609776193e-09,1.2263646043886435e-20,1.0516878807209555e-17,0.0005767194474318091,7.373172088045732e-69,2.502040471777829e-27,1.2835625925265765e-25,6.0049246357252995e-06,0.08765664819351117,1.150608293003572e-09,0.00443074618805027,4.8360221468177156e-05,0.16732965356513796,3.191315456049002e-33,2.8720420861724456e-18,0.10516126260541482,1.5119957206511203e-12,4.6851903751357113e-07,0.00016193319652182782,2.3971089168993356e-06,1.319852910284388e-16,3.3498646478498257e-06,2.0154979836933515e-16,4.931284789408297e-59,9.8508804727033e-09
288,2.1364702153507536e-10,8.342974561329078e-28,0.6230455336125104,3.2428445681247876e-21,5.4792529723752515e-09,9.689253040252847e-21,8.389637734029708e-18,0.0006696244540499801,4.797098765027273e-69,2.4810951200552365e-27,1.076485677178763e-25,5.230836951642645e-06,0.0749365245127275,9.473752365436936e-10,0.004237772673607537,4.2611969696943154e-05,0.18520704579784414,1.781753228960596e-33,2.806183822344311e-18,0.11167890543161092,1.4584365346992953e-12,4.7339268692014717e-07,0.00017099691730889022,2.3065558214047066e-06,1.4324636731533047e-16,2.9584214561079766e-06,1.6998461595440054e-16,3.116189504245136e-59,8.781993676513424e-09
289,1.9114143497557928e-10,5.739249646597543e-28,0.6078870238494087,2.4884119512531042e-21,5.4438493756404415e-09,7.87515305429788e-21,6.656309201715855e-18,0.0007735429285130627,3.1062811175665925e-69,2.4498890069103564e-27,9.151718460454471e-26,4.526646778252784e-06,0.06402941341206746,7.761778975133704e-10,0.004057726213471235,3.798864463210093e-05,0.20433683560329605,9.989618552478895e-34,2.7441193369082006e-18,0.11868563729203255,1.4264865113418942e-12,4.782883342523999e-07,0.00018196647454720563,2.2129317703294156e-06,1.5658627662795566e-16,2.633440555998362e-06,1.4414608247478401e-16,1.9788176206082861e-59,7.861997344724232e-09
290,1.7219415656114438e-10,3.9929604562647186e-28,0.5894002643642515,1.9021828956476044e-21,5.476877942418779e-09,6.5924071888789116e-21,5.25417041532363e-18,0.0008877000327934902,1.9997907654023983e-69,2.4060140334877917e-27,7.891803985808758e-26,3.893546743663134e-06,0.05472231066178306,6.325454363817902e-10,0.003891571470390063,3.4291810702986114e-05,0.22462072385239493,5.64809895838944e-34,2.6867044820032627e-18,0.12623906982245367,1.4136822973250572e-12,4.833287003682708e-07,0.0001951965100669204,2.116587188933213e-06,1.7222256382840503e-16,2.364657547203768e-06,1.2297805088745864e-16,1.261129536108865e-59,7.071951643030375e-09
291,1.5619455404346326e-10,2.814237673576408e-28,0.5678771820630146,1.449441400239429e-21,5.575878898858984e-09,5.689807353540598e-21,4.127504877309029e-18,0.0010105195087572343,1.2787156132582514e-69,2.347441184982191e-27,6.906867168615054e-26,3.3301750427871284e-06,0.04681030474041515,5.125824822346658e-10,0.0037398637586664534,3.1366280725335275e-05,0.2459094961421097,3.232259430993139e-34,2.6344601708679184e-18,0.13440214276073476,1.4186594624493625e-12,4.886153426869159e-07,0.00021113190018142718,2.0179112306037342e-06,1.904164438814988e-16,2.1435028315950433e-06,1.0561647547875792e-16,8.05724466573538e-60,6.3948728255744785e-09
292,1.4266231378944082e-10,2.0121478752448606e-28,0.5436479871746182,1.1015543510350884e-21,5.741174729175508e-09,5.067440313720776e-21,3.2277981870268116e-18,0.0011395075938750178,8.113303706168439e-70,2.2726430534089037e-27,6.138080007310276e-26,2.8333514434011065e-06,0.04010265624174486,4.1289203704868264e-10,0.003602809640605585,2.9091831804083172e-05,0.26799769778606164,1.8780064347751677e-34,2.5875589952797568e-18,0.14324269979667156,1.4409685610968438e-12,4.942227799427434e-07,0.00023033002956870152,1.917338083471493e-06,2.114761039883442e-16,1.9628789163894836e-06,9.135647789349231e-17,5.154991027342505e-60,5.815656878633644e-09
293,1.3121774512860815e-10,1.4610815723134727e-28,0.5170813105829934,8.35332918630056e-22,5.97557017735559e-09,4.660015738386228e-21,2.5135024373559994e-18,0.0012712057814376497,5.1035887566165826e-70,2.1807211641669548e-27,5.541116386194241e-26,2.398705887742734e-06,0.03442627947156686,3.3050972488376556e-10,0.003480326958170916,2.7376877833043093e-05,0.2906205440939316,1.1105239624349335e-34,2.545811982866189e-18,0.15283292401767254,1.4809831299044427e-12,5.001928716340141e-07,0.00025348924209375105,1.8153538927850202e-06,2.357613072300182e-16,1.816961905225854e-06,7.962440618058021e-17,3.299585711446616e-60,5.320963740989197e-09
294,1.2155991452466524e-10,1.0783280314737426e-28,0.4885832055259822,6.322758491338954e-22,6.2842109571413915e-09,4.426410105748294e-21,1.949525417673577e-18,0.0014012451256359632,3.180286938438734e-70,2.071524567600884e-27,5.082548964853943e-26,2.021182600305291e-06,0.029627220739615677,2.6284758427646736e-10,0.0033720999139314626,2.615371859031712e-05,0.3134540263737793,6.69509125632301e-35,2.5086532598818107e-18,0.16324861067465446,1.5398822431478755e-12,5.06529311414526e-07,0.0002814851172079821,1.7125019092745138e-06,2.636894374747573e-16,1.7010275494600522e-06,6.995428612931455e-17,2.1109812139207322e-60,4.899073586832121e-09
295,1.1345052650805755e-10,8.092682027395049e-29,0.45859358132229994,4.778005232402082e-22,6.67456088829693e-09,4.3432728858792815e-21,1.5065706824456354e-18,0.0015245273012408586,1.961894616907377e-70,1.9457427674269474e-27,4.737195068988227e-26,1.6954227567807523e-06,0.025570704309455634,2.076462093748891e-10,0.003277626985456723,2.537509171163525e-05,0.33611906687907744,4.1194716757903206e-35,2.4751228191283954e-18,0.1745682606109444,1.619700995802606e-12,5.131922226440291e-07,0.00031541666230460895,1.6093836095702005e-06,2.9574324928852473e-16,1.6113019153527854e-06,6.196811987748945e-17,1.348739406497032e-60,4.539726734858981e-09
296,1.0670207320593548e-10,6.176682175316892e-29,0.4275790224456935,3.6052572354342074e-22,7.156469370519117e-09,4.401408981486841e-21,1.160421426739897e-18,0.0016355406456723448,1.1974760431711311e-70,1.8049543752641883e-27,4.486151272330045e-26,1.4160401483756498e-06,0.022140233885720013,1.629343300405914e-10,0.003196261054744101,2.501183936128511e-05,0.35819028015704635,2.587894683316183e-35,2.4438503782617086e-18,0.18687198561478463,1.7234511174385899e-12,5.200930049934998e-07,0.00035666507179406975,1.5066539492016047e-06,3.3248070767132797e-16,1.5448362941570485e-06,5.5359524569113586e-17,8.598700042069359e-61,4.2339573886506086e-09
297,1.0116920854444929e-10,4.793445634941975e-29,0.39602155893774643,2.716387249120399e-22,7.742308246360869e-09,4.604210753517386e-21,8.912309706730008e-19,0.0017287940119601942,7.2288503082119455e-71,1.6516140879816685e-27,4.3153291724194776e-26,1.1778091282476835e-06,0.01923613328793371,1.2699497910036604e-10,0.0031272421534793717,2.5051574442169116e-05,0.37920940748843646,1.6593991773744343e-35,2.41304633024948e-18,0.2002402228731636,1.855322451031366e-12,5.270897522119221e-07,0.0004069684124336898,1.4050096215008804e-06,3.7454741173525513e-16,1.4994056450750402e-06,4.9880239013761144e-17,5.465804696011905e-61,3.973929426264526e-09
298,9.674262008383e-11,3.780378518908467e-29,0.3644037217101494,2.0435811728133167e-22,8.447160740941302e-09,4.967798595088412e-21,6.828581815782966e-19,0.0017993221393134918,4.3150619358137645e-71,1.4889655335397622e-27,4.214356190375981e-26,9.757847019496693e-07,0.01677380828511264,9.833732008672996e-11,0.0030697237468474896,2.549829838957341e-05,0.39870285369152564,1.0850904063866298e-35,2.3805088242867747e-18,0.21475225487641172,2.020985663843317e-12,5.339837236199905e-07,0.000468516486892015,1.3051701840753362e-06,4.226921804409222e-16,1.4734297058738701e-06,4.5329064784294827e-17,3.461445675674586e-61,3.752780370615864e-09
299,9.334490870626157e-11,3.027247169171022e-29,0.33319101180552496,1.5349076652532287e-22,9.289046190277818e-09,5.522828228686541e-21,5.222679315564514e-19,0.001843191337715905,2.5468612204776137e-71,1.3208762837423503e-27,4.1757416049477984e-26,8.053727361242441e-07,0.014681924390467725,7.567309071815309e-11,0.0030227936223957558,2.6372989940218795e-05,0.416202082193499,7.225338590593473e-36,2.3436586774078622e-18,0.23048451973297857,2.228028791843793e-12,5.405174885827729e-07,0.0005440712434564626,1.2078530758637568e-06,4.777864229439739e-16,1.4659159503331072e-06,4.154285066359355e-17,2.1823092208973395e-61,3.5644777785134515e-09
300,9.092817113960264e-11,2.4586312306130352e-29,0.3028135674602856,1.1507428295151725e-22,1.0289163161574343e-08,6.318198528622843e-21,3.990041334997716e-19,0.0018579225347271158,1.4865958248964472e-71,1.1516028297705147e-27,4.194233961878334e-26,6.623651976277347e-07,0.012900626761893475,5.7896536248483265e-11,0.0029854903479799777,2.77152577328064e-05,0.4312650717006396,4.88962912944609e-36,2.2996154619769554e-18,0.24750867370229365,2.486576941040265e-12,5.463754602469759e-07,0.0006371194811387156,1.1137446896567267e-06,5.408479107386147e-16,1.4764237958440071e-06,3.838917419735052e-17,1.3687040673504742e-61,3.4036907131510493e-09
301,8.94731325664226e-11,2.022429217790674e-29,0.27364915828428904,8.609331088907705e-23,1.147213057089632e-08,7.427199314557892e-21,3.047349729983408e-19,0.0018427565034642743,8.584240378071125e-72,9.85505396999476e-28,4.266314609439871e-26,5.42951941053845e-07,0.011379877653293765,4.406672308986697e-11,0.0029568160449304796,2.9586235896572578e-05,0.44349676577721797,3.354896794212655e-36,2.2453278456996275e-18,0.2658893356806202,2.810168300090249e-12,5.511875818510584e-07,0.0007520662862324205,1.0234705377853255e-06,6.1306951108241075e-16,1.5050498353729753e-06,3.576041917775297e-17,8.53337555727225e-62,3.2656777465369215e-09
302,8.898981180140619e-11,1.6822925692800023e-29,0.24600956244924285,6.425733741090857e-23,1.2866201678843571e-08,8.957030339595666e-21,2.3286550695397997e-19,0.001798713730989578,4.906389447289748e-72,8.267423672259175e-28,4.3897856153746515e-26,4.4371735737024795e-07,0.010077951360244128,3.339126467990388e-11,0.002935746007542239,3.2073009171801986e-05,0.45256655968704473,2.327403895726734e-36,2.1777680135105988e-18,0.2856814097003764,3.2169943883790964e-12,5.545369175458634e-07,0.0008944796608480044,9.375679196844436e-07,6.958533362471716e-16,1.552434353073664e-06,3.3568991322817346e-17,5.284899944239417e-62,3.146192064014257e-09
303,8.951983275885326e-11,1.41261610339347e-29,0.22013188916957632,4.782845780092748e-23,1.4503419644279753e-08,1.1063170383118544e-20,1.7821076920217867e-19,0.001728442050631992,2.7776140776861366e-72,6.789792521443139e-28,4.563420335487048e-26,3.6162748282262745e-07,0.008960102884924496,2.521074602773947e-11,0.0029212355805677964,3.529499328920083e-05,0.45822136755709786,1.6275460558031136e-36,2.094192754362508e-18,0.306926857064696,3.731663898139482e-12,5.559718194071809e-07,0.0010713991824311756,8.564642416324931e-07,7.90850618540084e-16,1.6197899549320502e-06,3.1743454937121006e-17,3.2489700772199475e-62,3.0414036814213557e-09
304,9.114063560017313e-11,1.1951983129065513e-29,0.19617561403019218,3.548891984975951e-23,1.6419676176425114e-08,1.397087519292271e-20,1.3672201548020765e-19,0.0016358869737666912,1.558784804517592e-72,5.45146215572249e-28,4.786652661139816e-26,2.9401109167986333e-07,0.007997411385958235,1.8983452084224788e-11,0.0029122247376422265,3.941288162472705e-05,0.4602935810468397,1.1435364296352169e-36,1.9924619457807546e-18,0.3296507867546858,4.387726238947215e-12,5.55023175194424e-07,0.0012917242559246978,7.80463289833098e-07,9.000074377596765e-16,1.7089537817521325e-06,3.022541017537316e-17,1.981239606975259e-62,2.9478384893918714e-09
305,9.397200241905529e-11,1.0169974445141948e-29,0.17422520165789826,2.6239865553244756e-23,1.865462778801603e-08,1.8007274358834813e-20,1.0525906314554106e-19,0.001525850440235029,8.679615751663366e-73,4.272712703573857e-28,5.05928745985605e-26,2.385368807957707e-07,0.007165790242793438,1.4270320127350795e-11,0.0029076409965855844,4.4641019932246387e-05,0.45870406917363526,8.045324554366949e-37,1.8713890492959198e-18,0.3538567623298224,5.231306087029201e-12,5.512269584334455e-07,0.0015667005388539277,7.097405220359674e-07,1.0256161910494013e-15,1.8224654465444706e-06,2.8966963315764344e-17,1.197568618365722e-62,2.862333739723314e-09
306,9.818551120699527e-11,8.686102763868202e-30,0.15429741464028365,1.9324253351030972e-23,2.12514189789871e-08,2.3649325379265902e-20,8.140235170680707e-20,0.001403515850541042,4.7999373346625164e-73,3.2640513707344103e-28,5.381220762662369e-26,1.9318802061540524e-07,0.006445150302250153,1.072028432405765e-11,0.0029064016318698553,5.126441365125681e-05,0.4534610635880152,5.6480327163155095e-37,1.7310797129973245e-18,0.3795212937290297,6.326373827390139e-12,5.441518660359168e-07,0.0019105263351719118,6.443471214844757e-07,1.170372369954389e-15,1.9636735171462664e-06,2.792867110842203e-17,7.170123572970741e-63,2.7820095878241643e-09
307,1.0401778708375077e-10,7.432298967510925e-30,0.13635190662671567,1.4168353686519513e-23,2.42561610094747e-08,3.1595571235314844e-20,6.32990777159588e-20,0.0012740101690668305,2.6388883693481086e-73,2.426408013530768e-28,5.752164516822384e-26,1.562349514270292e-07,0.005818700248304076,8.05632282837476e-12,0.00290741653754997,5.966204293883031e-05,0.4446561656018514,3.942569953785811e-37,1.5731975480974899e-18,0.40658759692458746,7.76243901383628e-12,5.334312043938521e-07,0.0023411040071352513,5.842214453831199e-07,1.3374357433559088e-15,2.1368739942491197e-06,2.7077864927842868e-17,4.249220890742026e-63,2.7042562760365433e-09
308,1.1178875456885389e-10,6.359223633184738e-30,0.12030352897000812,1.0337415788074922e-23,2.7717122258579676e-08,4.2873679678943885e-20,4.953840760493689e-20,0.0011420531432711982,1.443712943506217e-73,1.7521847823453352e-28,6.171377687264225e-26,1.262071759261885e-07,0.005272367161917687,6.062548678465126e-12,0.002909593471499808,7.033880842250692e-05,0.4324587400785739,2.726879432165215e-37,1.4010864962763416e-18,0.43495886167340997,9.665850578348894e-12,5.187973628244924e-07,0.002880964526450555,5.292057960419165e-07,1.5304943773571173e-15,2.347484734301302e-06,2.6387281404712336e-17,2.4908576451393353e-63,2.6267363390592295e-09
309,1.2192653731980027e-10,5.431164224834417e-30,0.10603490503788007,7.502096740739541e-24,3.168360555583726e-08,5.900175977516442e-20,3.905131651524412e-20,0.0010117176699568661,7.86721361740641e-74,1.2269680455807102e-28,6.637413314145572e-26,1.018647868297707e-07,0.0047943206252220845,4.572628077130363e-12,0.002911847675596633,8.39693230533398e-05,0.4171096674358443,1.8623498283877378e-37,1.2196838952301998e-18,0.4644914586440337,1.2216487091898497e-11,5.001162372160051e-07,0.0035583959114410717,4.790662044614879e-07,1.753828997983728e-15,2.6022600198274144e-06,2.583394378984512e-17,1.4433095205883891e-63,2.5474006916992053e-09
310,1.3500123644665865e-10,4.622360755781104e-30,0.09340814407756207,5.4130402637897706e-24,3.6204523062979225e-08,8.22303626728796e-20,3.1031066208625285e-20,0.0008863017168560086,4.273851134905416e-74,8.316466034568488e-29,7.147899498146594e-26,8.217046337691337e-08,0.004374584750267349,3.459700896508773e-12,0.0029131179082300816,0.00010145799467544904,0.3989149218861542,1.251759886060254e-37,1.0351831960275996e-18,0.4949887219959683,1.5672524775247056e-11,4.774179637330437e-07,0.004408808196282162,4.3351307643271717e-07,2.0123739774724515e-15,2.909549325892312e-06,2.5398252830689592e-17,8.261871188767498e-64,2.4645165158487477e-09
311,1.5177058565499532e-10,3.914294609661698e-30,0.08227496138917613,3.881617750994597e-24,4.132673224545005e-08,1.159051293381182e-19,2.4870760080146544e-20,0.0007682956431310905,2.316434074160536e-74,5.44654500869568e-29,7.699380223918591e-26,6.626261815285185e-08,0.004004723948109046,2.6278562309439485e-12,0.00291239063366752,0.00012402153710509766,0.378238878615935,8.254239622854476e-38,8.544515990730731e-19,0.5261961268567394,2.0407329235027315e-11,4.5091951982826213e-07,0.005476368491231513,3.9222097017003517e-07,2.3117696720053544e-15,3.279603553305239e-06,2.506325760569474e-17,4.6696028934154536e-64,2.3767034789599073e-09
312,1.7324147715180117e-10,3.293635669628773e-30,0.07248484815641888,2.7653269277959086e-24,4.709326536255375e-08,1.6500889653526404e-19,2.01148267770797e-20,0.0006594205101758779,1.2535125371177138e-74,3.440693553395576e-29,8.287247762600417e-26,5.3430265360696796e-08,0.003677589838035371,2.0051086562274355e-12,0.0029087333919357436,0.00015330238055783561,0.3554967719586545,5.324348297216081e-38,6.842690220534934e-19,0.5577987905680385,2.6964542702871495e-11,4.210344621596019e-07,0.00681593937640324,3.548462983038381e-07,2.658398929619851e-15,3.7249303020686594e-06,2.4814085545616663e-17,2.60490763892907e-64,2.2829731120209574e-09
313,2.0075262559120696e-10,2.750653705424771e-30,0.06389123467915585,1.956711859754498e-24,5.354166198239772e-08,2.3696874494982358e-19,1.6421696424793173e-20,0.0005607117736138744,6.776631379493248e-75,2.0934496364644436e-29,8.90579987759887e-26,4.309003035886575e-08,0.003387118237089963,1.5377434657461423e-12,0.0029013371821697744,0.0001915246703170455,0.3311454556603549,3.350931225107675e-38,5.305147723933854e-19,0.5894221966553751,3.614042918094518e-11,3.8836563796326506e-07,0.00849535198440911,3.2104225226342056e-07,3.0593982580994754e-15,4.260696733654049e-06,2.4637516561147866e-17,1.4338999332195867e-64,2.182764457854396e-09
314,2.360852339918473e-10,2.277976986281603e-30,0.056355794290923286,1.3749468364858163e-24,6.070268462571387e-08,3.4285018132865435e-19,1.3535340385413838e-20,0.0004726261651325105,3.661919464942941e-75,1.2253335004709738e-29,9.548449930165177e-26,3.476555481260779e-08,0.0031281665548840267,1.1858548320262813e-12,0.002889566100494287,0.00024170898931882506,0.30567164168878064,2.0531899687951583e-38,3.974646363135371e-19,0.6206368081696559,4.910689119646329e-11,3.536783734641017e-07,0.01059804088755718,2.904706604307097e-07,3.5226312414685076e-15,4.905173630681698e-06,2.4521688521989758e-17,7.788647347696457e-65,2.0759678651830693e-09
315,2.8161047420158694e-10,1.8696330983102224e-30,0.049751148310940185,9.594367160141e-25,6.859974167874266e-08,4.991091644012688e-19,1.1263734494683472e-20,0.0003951551208882286,1.9788705944690926e-75,6.894457374333597e-30,1.020810488223672e-25,2.8069396527533207e-08,0.0028963831233600325,9.198852501967996e-13,0.002873010710112828,0.0003079681000293249,0.2795771466414427,1.2227415496532594e-38,2.873533833680711e-19,0.6509667687240065,6.759477479307062e-11,3.178544054757494e-07,0.013226059415287497,2.6281078878511453e-07,4.0566080207940396e-15,5.680206542401517e-06,2.4455920226984996e-17,4.175902586453526e-65,1.9629286561994022e-09
316,3.4048488109085076e-10,1.5203385156184442e-30,0.043962275586552524,6.649444624219238e-25,7.724933893240905e-08,7.301328997758805e-19,9.46266360695954e-21,0.0003279338791565484,1.0698482439501664e-75,3.728558965825026e-30,1.0877705783956191e-25,2.268739378717311e-08,0.0026881010697868105,7.179799832776244e-13,0.0028515400896703446,0.0003959145572099809,0.2533613102800226,7.070151363993167e-39,2.0029890607369997e-19,0.6799022138149183,9.416566775693299e-11,2.8183029430580937e-07,0.016503477222442244,2.3776528535916782e-07,4.670329536955136e-15,6.611688131225369e-06,2.443063392727882e-17,2.2113928722979897e-65,1.8444238731277796e-09
317,4.169072813439166e-10,1.2250174986777378e-30,0.03888692764082873,4.578759522802178e-25,8.666281972559365e-08,1.0718672360607795e-18,8.023602179132376e-21,0.0002703402043468583,5.788872527240684e-76,1.9393291607477053e-30,1.1550901096515335e-25,1.8365367305707932e-08,0.0025002503970285492,5.639884293574255e-13,0.002825346718379132,0.0005132229606919639,0.22750153747007815,3.968020871127132e-39,1.3458890760606717e-19,0.7069139464596266,1.3261178568299363e-10,2.465274539108278e-07,0.020580129269893506,2.1506358639506644e-07,5.373028184559778e-15,7.7299882022147e-06,2.4437353624842183e-17,1.157901921073411e-65,1.7216086274268087e-09
318,5.164533641300389e-10,9.785306828493197e-31,0.034435322946538845,3.134425694614661e-25,9.684953966249716e-08,1.5768864881528054e-18,6.864676645151102e-21,0.00022158013012886081,3.1361952537833824e-76,9.716485574838443e-31,1.2222801277084318e-25,1.4897968067179811e-08,0.0023302830711124673,4.459686171012578e-13,0.0027949787786020718,0.0006704062545080977,0.20243364716293938,2.1626815459513482e-39,8.723303759829912e-20,0.7314685654908478,1.88537650335572e-10,2.1278325364253267e-07,0.02563562459799472,1.9446317247354483e-07,6.173767067589192e-15,9.070272017221164e-06,2.4468749663132666e-17,6.003952462375611e-66,1.5959333926473232e-09
319,6.46505887145713e-10,7.755841991532348e-31,0.030529355885549152,2.1349091878786393e-25,1.0782148390466352e-07,2.3212744142756763e-18,5.9239402005191076e-21,0.00018076017566545435,1.701887848412155e-76,4.701733233544416e-31,1.2890750680933154e-25,1.2119441720578e-08,0.0021761071801370915,3.5507661679757946e-13,0.0027613563010877545,0.0008818887410226236,0.17853416045854106,1.146310682429554e-39,5.462104576379881e-20,0.7530418026793808,2.7019273713219106e-10,1.8129301515150715e-07,0.03188341660889314,1.7574910705959908e-07,7.080848229475375e-15,1.0672600575403721e-05,2.451869666239447e-17,3.0892939185825993e-66,1.4690389347802388e-09
320,8.167987444715434e-10,6.107777216803738e-31,0.02710151561046793,1.4484135978136694e-25,1.1959922056186235e-07,3.413580268100124e-18,5.1543724300343074e-21,0.0001469464868729469,9.255116801283795e-77,2.2057612049900226e-31,1.3555055704426272e-25,9.896064048745208e-09,0.002036027575769284,2.8474660011802493e-13,0.0027257706417402093,0.0011674910247920455,0.15610665030029897,5.9229977412244e-40,3.312376287096773e-20,0.771128012435453,3.896370133762108e-10,1.5257081625133597e-07,0.03957456092084386,1.5873231417766643e-07,8.100967284385047e-15,1.2581655978004026e-05,2.458231215245367e-17,1.5815343298030764e-66,1.3426400884282162e-09
321,1.040089887546225e-09,4.78740836628219e-31,0.02409367067886284,9.801668066885887e-26,1.3221904569848585e-07,5.005760335908708e-18,4.5201600217952554e-21,0.00011921170570258107,5.046549714209205e-77,1.0083688987911927e-31,1.4219627721329245e-25,8.120002113114125e-09,0.0019086917044312368,2.300881227673924e-13,0.002689870432892952,0.0015544876113752302,0.1353737661299916,2.993506931623359e-40,1.952354461228634e-20,0.7852445273373434,5.643220152581668e-10,1.2693325526632353e-07,0.04900051518730654,1.4324705210941274e-07,9.238041074764366e-15,1.4845869675422307e-05,2.4655947479834628e-17,8.081472350267356e-67,1.2184119485765323e-09
322,1.3329684632340123e-09,3.743059312009241e-31,0.021455837944674917,6.627181137098815e-26,1.457412554540472e-07,7.305200645013816e-18,3.99392643402798e-21,9.66704546040614e-05,2.7609068651627736e-77,4.5206837689732037e-32,1.4892531975208474e-25,6.704367894943817e-09,0.0017930404041649854,1.8744446488952038e-13,0.002655640529291184,0.0020804613864807754,0.116475658946634,1.486331000650121e-40,1.1235736540291358e-20,0.7949308454563009,8.191406168982871e-10,1.045058130272552e-07,0.06049393987410455,1.2914800910293917e-07,1.0491632676402759e-14,1.7515654100741084e-05,2.4737109171925277e-17,4.137587365381512e-67,1.0978915309038723e-09
323,1.716781117277284e-09,2.9267335366977303e-31,0.019145019261768786,4.485717126539288e-26,1.6025969779984762e-07,1.0585340289668414e-17,3.554663600945978e-21,7.850439423975005e-05,1.5166630537184619e-77,2.002660381143692e-32,1.558647125988554e-25,5.579252341350823e-09,0.0016882641419556908,1.5406966292447318e-13,0.002625382777392933,0.0027972673819767345,0.09947451044962832,7.288706236383102e-41,6.348628741551742e-21,0.7997441220489676,1.188907235528373e-09,8.524748584434413e-08,0.07442591790240764,1.163073831246694e-07,1.1854914838435096e-14,2.0640359584228657e-05,2.4824295038196727e-17,2.1318333176844926e-67,9.82404737352483e-10
324,2.2186251300084243e-09,2.295385148361763e-31,0.017124158087257438,3.046392504900362e-26,1.7591311009441767e-07,1.5189744096704103e-17,3.186182867968563e-21,6.397796989358767e-05,8.373383690108482e-78,8.842980476250895e-33,1.6319266758188882e-25,4.688554726516127e-09,0.0015937654454848587,1.2789261961275016e-13,0.0026017082381316874,0.0037765396036061887,0.0843639882701217,3.551863829944492e-41,3.544818958625131e-21,0.7992539192745756,1.721028377408831e-09,6.898695538961228e-08,0.09119732057426917,1.0461221766796001e-07,1.3312164491076587e-14,2.426352300356574e-05,2.4916731535185056e-17,1.1108376334125791e-67,8.730235485994351e-10
325,2.872294458111474e-09,1.8116664065858785e-31,0.015361241560577358,2.0810721234112953e-26,1.9289923753844203e-07,2.152054632684173e-17,2.8759499173129255e-21,5.244618164693832e-05,4.650966897406463e-78,3.929440398741697e-33,1.7114420252897593e-25,3.987452218065746e-09,0.0015091282050554513,1.0734490587252643e-13,0.002587549791524288,0.005117339125708833,0.07108190883180292,1.731881220888066e-41,1.9700364435653717e-21,0.793040373267685,2.4777496483187644e-09,5.546306308071092e-08,0.11122124461507477,9.396216393550844e-08,1.4835887895564562e-14,2.841598828822323e-05,2.5013994514010083e-17,5.885604908028755e-68,7.705531399651377e-10
326,3.7189715351808837e-09,1.4441491877465387e-31,0.013828553456634342,1.4339795038164293e-26,2.1149337938067982e-07,2.9997495543272946e-17,2.61420329433415e-21,4.3355910672766344e-05,2.602142317920019e-78,1.7750503177103825e-33,1.8001847219978149e-25,3.4403846696425827e-09,0.0014340942304022226,9.123508167887097e-14,0.0025862021330101408,0.006956758404790015,0.05952425883461986,8.512605730668297e-42,1.0982518652208914e-21,0.7807006729347061,3.5367685204693787e-09,4.436345956505396e-08,0.13489264596275696,8.426774265705767e-08,1.6383860434418447e-14,3.310663604911531e-05,2.5115482781120002e-17,3.1892868550191593e-68,6.755443183142322e-10
327,4.807329308412887e-09,1.167112567094016e-31,0.01250207023228407,9.99668301106755e-27,2.3207391700268134e-07,4.097038465252352e-17,2.3932813342258523e-21,3.624242764704908e-05,1.4683514068845505e-78,8.236426449011552e-34,1.9018855244609494e-25,3.0194575402170357e-09,0.0013685471160941039,7.865701460499479e-14,0.0026013932616664936,0.009484568930302443,0.04955894584075591,4.250768271288506e-42,6.19169349409742e-22,0.7618688203832539,4.988204339353149e-09,3.535730332839184e-08,0.16254074466121224,7.544909881920774e-08,1.7896640361746318e-14,3.831086305272177e-05,2.521969268828865e-17,1.778200673558943e-68,5.883240122195119e-10
328,6.192551558807766e-09,9.600322273228103e-32,0.011360985945701306,7.072921050449418e-27,2.5515874470724166e-07,5.4570062933190634e-17,2.2071001989041906e-21,3.072265972960546e-05,8.368315095478417e-79,3.965690014157251e-34,2.02113996378571e-25,2.7031897107542624e-09,0.0013125032516974372,6.892313899983693e-14,0.002637387403158856,0.01296331082998138,0.04103808113954836,2.1734612450784764e-42,3.559247337359433e-22,0.736252786394452,6.925134773680553e-09,2.8120042335828096e-08,0.19435989761847405,6.743518497160092e-08,1.9296465824456824e-14,4.3957713285065947e-05,2.532321350256385e-17,1.026345314503762e-68,5.090356207893268e-10
329,7.933622935230415e-09,8.069091313883198e-32,0.01038735116932421,5.095376380871375e-27,2.814587369720705e-07,7.049909585650081e-17,2.0507381810627774e-21,2.6486608256816175e-05,4.823417932028703e-79,2.000088999576026e-34,2.1635561180081875e-25,2.4755515984223402e-09,0.0012661098231250922,6.151617680157278e-14,0.002699112739009264,0.017755510601009477,0.03380809472093278,1.146693118206855e-42,2.1027912280748384e-22,0.7036909745995323,9.424718871040418e-09,2.2350095450902745e-08,0.23031605775335046,6.016327205918349e-08,2.0488790078839696e-14,4.99177416980892e-05,2.5419331251981282e-17,6.168514205954891e-69,4.3768152225352705e-10
330,1.0088142778265841e-08,6.955507912103308e-32,0.009565814937111368,3.749482435282084e-27,3.119581462366105e-07,8.780046209870713e-17,1.9200898368467217e-21,2.328803029058569e-05,2.815377889502915e-79,1.0653972617876473e-34,2.3359024773617734e-25,2.325251090561509e-09,0.0012296499750794694,5.6054772231520954e-14,0.0027922958173059453,0.024359810451457183,0.027717428492964036,6.287130044768623e-43,1.2861716836049898e-22,0.6642258993435878,1.2518370347514835e-08,1.7778418126304014e-08,0.2700294091459656,5.35786657163962e-08,2.136787306915439e-14,5.5995185004802454e-05,2.5496101800828112e-17,3.8812059415635596e-69,3.741615113707277e-10
331,1.2703973481648923e-08,6.168837054170266e-32,0.008883466241436669,2.8266762487813365e-27,3.480384005719069e-07,1.0470115139958235e-16,1.8115591503948813e-21,2.09351717360569e-05,1.665837777616718e-79,6.033469338967079e-35,2.5462030748248465e-25,2.2452281196130015e-09,0.001203556024406175,5.2269970568222266e-14,0.002923563807856366,0.03345732732600436,0.022621889034292526,3.604812302718315e-43,8.195995298478215e-23,0.6181869671150168,1.615376715016391e-08,1.4172496697422327e-08,0.31263992461852935,4.7634495756885114e-08,2.182754357348298e-14,6.192939398274379e-05,2.5533751662704617e-17,2.568063345537108e-69,3.183030257923754e-10
332,1.58073584578052e-08,5.643405706226436e-32,0.008329781961293699,2.1888168662258456e-27,3.9167348043588917e-07,1.1868339250575145e-16,1.7217653560768678e-21,1.928200592016377e-05,9.99778780903179e-80,3.6490895120828404e-35,2.803672806637959e-25,2.2323083999797597e-09,0.0011884328319211794,4.999065974042915e-14,0.0031004395444972454,0.04596778044801664,0.018387952383907377,2.1723114985220466e-43,5.468083133764453e-23,0.5662668804447456,2.015911497166323e-08,1.1336412085428388e-08,0.356671555724323,4.229144596345397e-08,2.177716154503361e-14,6.741088530121754e-05,2.550132865691046e-17,1.79279748260312e-69,2.698815786374879e-10
333,1.9387821697577442e-08,5.333356528011394e-32,0.007896700883613144,1.744330389606437e-27,4.457462075228569e-07,1.2693155977316175e-16,1.647240699883644e-21,1.822010942098138e-05,6.085898578843505e-80,2.3621617063406554e-35,3.1182964001238753e-25,2.286934155433978e-09,0.0011850952596026607,4.913714422159574e-14,0.0033310950804028923,0.06311046093305221,0.014894418266007448,1.3806984891156829e-43,3.831604219131568e-23,0.5095695870943368,2.4228760727323876e-08,9.108428536092964e-09,0.3999217682463244,3.751730387341501e-08,2.116082518897153e-14,7.211562307955572e-05,2.5352733115892865e-17,1.3228788164559547e-69,2.286327956446206e-10
334,2.3381179851431206e-08,5.208169606134557e-32,0.007578857746677219,1.4323397042310374e-27,5.145735058480283e-07,1.2716696335510457e-16,1.5841106269801553e-21,1.767100282665389e-05,3.7538112997846966e-80,1.6360297850817598e-35,3.499722304484136e-25,2.4128211663787067e-09,0.0011946260734479186,4.9723091408851405e-14,0.003623642571945963,0.08645575775840053,0.012032838880024793,9.272521839258239e-44,2.8233314275555704e-23,0.44960560333918553,2.7952511224705074e-08,7.357252582840459e-09,0.4394146371188055,3.328624242488175e-08,1.9975392723712884e-14,7.575635084214829e-05,2.502274926758028e-17,1.031778723685519e-69,1.94260733387529e-10
335,2.7653223877533576e-08,5.24863279869062e-32,0.007374024422991127,1.2121653353373911e-27,6.04800554517465e-07,1.1861070561973392e-16,1.5277708926371616e-21,1.7578507418095334e-05,2.3410633138589694e-80,1.2088401561442702e-35,3.954984177611959e-25,2.616272929112652e-09,0.0012184633964409132,5.1867361829277284e-14,0.00398463649569103,0.11793586569050594,0.00970712477961773,6.580014957170695e-44,2.1856780560491836e-23,0.38821706229036096,3.0900122004296076e-08,5.977778766686632e-09,0.4714664003022797,2.9577799879051802e-08,1.8281087793842318e-14,7.814242242180496e-05,2.4424655063723162e-17,8.490293759806876e-70,1.6645032398714958e-10
336,3.198789704641194e-08,5.442773304111001e-32,0.007283811464597228,1.0564035024101463e-27,7.269588540557727e-07,1.0256142281912826e-16,1.472623145603662e-21,1.7900465825353376e-05,1.4709444737993556e-80,9.478175726176539e-36,4.484463249391922e-25,2.9047157055723975e-09,0.001258528850398394,5.581891361375949e-14,0.004416389338988286,0.15975673414763827,0.007832675563760284,4.925414534815086e-44,1.772339732955683e-23,0.3274316032274314,3.274439606461292e-08,4.886850766733782e-09,0.49192229859862313,2.6375591700504327e-08,1.619893062608776e-14,7.923233946592843e-05,2.3452570587860728e-17,7.343366412542845e-70,1.4489418527744298e-10
337,3.6085128627381306e-08,5.781181030350152e-32,0.0073146706171539,9.463694125521982e-28,8.982400239067267e-07,8.211968174089692e-17,1.4120092778120835e-21,1.8599182158135238e-05,9.263535238670934e-81,7.827032272047177e-36,5.075698638001737e-25,3.2838641671899567e-09,0.0013174065637375056,6.200025881366997e-14,0.004912801710677174,0.21412201453521415,0.0063353066881975,3.876473055321408e-44,1.4979254137129083e-23,0.26926710126720993,3.337394579051118e-08,4.019342868436913e-09,0.49663194007654266,2.3665839964859144e-08,1.3892935462047982e-14,7.916056154262538e-05,2.1993698883237554e-17,6.639034068169843e-70,1.2934513249134216e-10
338,3.957509299501821e-08,6.251312808522987e-32,0.007479188810317678,8.690997889936234e-28,1.1475278456791742e-06,6.106613187878724e-17,1.3385855272732045e-21,1.963043627369738e-05,5.807566085708639e-81,6.744588158012538e-36,5.695591712895978e-25,3.752988714301714e-09,0.0013985752941779199,7.107791646052277e-14,0.005453944556184259,0.28266650293186396,0.0051501550837294826,3.193496609039325e-44,1.310831907838543e-23,0.21552787929593858,3.293684854134414e-08,3.3247085987999964e-09,0.48222464927040837,2.1435801985027638e-08,1.1540942885707246e-14,7.822564803103636e-05,1.9956679885208183e-17,6.230317784934236e-70,1.1970582782649614e-10
339,4.205713145043953e-08,6.83104679482417e-32,0.007797553683902228,8.153880648540658e-28,1.524664464886678e-06,4.250265974664448e-17,1.2454347758328914e-21,2.093230363156568e-05,3.594634954105026e-81,6.001264776599017e-36,6.283762638500337e-25,4.298446356675239e-09,0.0015066759764176241,8.40716421536988e-14,0.006000934043207634,0.3655564708244088,0.0042206605945233795,2.739150199113504e-44,1.1785131850828756e-23,0.16763595824709973,3.178746982365172e-08,2.7640408919256094e-09,0.44718234943774215,1.9672094002625676e-08,9.303044130147403e-15,7.683952915836101e-05,1.7318931498123655e-17,6.020266370741877e-70,1.1616758091591088e-10
340,4.3169929383710236e-08,7.4831949912125e-32,0.00829889019528848,7.785149486227016e-28,2.1176705911671245e-06,2.8031411134735695e-17,1.128068021298274e-21,2.2417389105852687e-05,2.1766203067736974e-81,5.453825613252035e-36,6.7531024537723e-25,4.887419689861246e-09,0.0016477626131320819,1.0251688640307178e-13,0.006494671764679487,0.46042619738767304,0.003497659626369604,2.431987456798585e-44,1.0795185306153627e-23,0.1265246014992087,3.036420821557736e-08,2.3076264757243715e-09,0.39301013108209315,1.835877294702015e-08,7.297565188152047e-15,7.545156437844882e-05,1.4182946653652282e-17,5.939232984659673e-70,1.1941326233049023e-10
341,4.268835731308113e-08,8.154473739480833e-32,0.009021967457360346,7.5345915135324005e-28,3.0847963329244974e-06,1.778819230851864e-17,9.869068598631231e-22,2.3974399101778936e-05,1.2779242682312047e-81,5.009481439736002e-36,7.005313337153976e-25,5.466379903673524e-09,0.0018294451344082977,1.2869526587175553e-13,0.006863440529966995,0.5616943120684511,0.0029386115496423245,2.2219079578455055e-44,9.993606634065236e-24,0.09259639730465706,2.9062069769055926e-08,1.9329414375378046e-09,0.3249542013149067,1.747500545046266e-08,5.590767786558375e-15,7.446868937934496e-05,1.0808637401511715e-17,5.933270818936467e-70,1.3090505791965232e-10
342,4.061754608119845e-08,8.782724584281771e-32,0.0100147351382672,7.36439961800704e-28,4.713781308997821e-06,1.1031093504747513e-17,8.289336729677352e-22,2.5484125026323227e-05,7.22391899377094e-82,4.609879128988767e-36,6.963801978107175e-25,5.9697237808577315e-09,0.002060822896147912,1.6594516739538992e-13,0.00704196217757278,0.6610827618736781,0.0025070042724481293,2.0768858683909466e-44,9.285520843777475e-24,0.06573374377163566,2.8153390836696944e-08,1.6230155662058234e-09,0.2514544867431651,1.6992464046274518e-08,4.200296461483788e-15,7.419171115511771e-05,7.574047125290625e-18,5.959975080745244e-70,1.5328429542556604e-10
343,3.7229547019632226e-08,9.312327395672983e-32,0.01133256866344908,7.246663476785946e-28,7.530064098923741e-06,6.771026962835302e-18,6.667623173711142e-22,2.6847489554773177e-05,3.918718397074141e-82,4.223975953241658e-36,6.610818718419336e-25,6.339284656561013e-09,0.002352180706609964,2.1906339286245254e-13,0.00699604751012752,0.7497740013299875,0.0021720046466007737,1.9756555110767e-44,8.616597981979727e-24,0.04535663165077177,2.776997107888546e-08,1.3650903262837593e-09,0.18190731697840545,1.6873370261712803e-08,3.1076096353439837e-15,7.478119199198469e-05,4.847656002171896e-18,5.988746239647103e-70,1.909168091628785e-10
344,3.299813311168857e-08,9.71043494350391e-32,0.01303608013083414,7.161733904810699e-28,1.2491823815717974e-05,4.147681506551648e-18,5.146411547410346e-22,2.8011942227913862e-05,2.0429457773778804e-82,3.842287245815763e-36,6.002142473562082e-25,6.545259688216407e-09,0.002714588280522612,2.94820910190683e-13,0.006737718223527216,0.8213644650030855,0.0019083493858338498,1.9036282788492757e-44,7.965009723243686e-24,0.030536287557787204,2.792813157217504e-08,1.1495152163535356e-09,0.1235856630034127,1.7070867640067334e-08,2.2731920780985377e-15,7.625870611668556e-05,2.838236934169491e-18,6.001841747828429e-70,2.5063227543042224e-10
345,2.8451189265175968e-08,9.973303037896797e-32,0.015190233825817934,7.096571226442399e-28,2.1338717000694932e-05,2.5449361992654558e-18,3.83492517690302e-22,2.897924231271063e-05,1.029502758236172e-82,3.469018485993704e-36,5.243472146917837e-25,6.5939870756330105e-09,0.003159688924413064,4.026504555551798e-13,0.006318482883221613,0.8737171482614573,0.0016962931828301841,1.8505794903035557e-44,7.330514283895017e-24,0.020163093005513253,2.857128364445248e-08,9.688635719900006e-10,0.07962611935440067,1.7532944373268915e-08,1.649779182081015e-15,7.854014161111081e-05,1.5358549973814812e-18,5.993081577924957e-70,3.4274933366861994e-10
346,2.4024857640715986e-08,1.0119080499054067e-31,0.017866127952885648,7.042855300583134e-28,3.7213990754732654e-05,1.5651024393111385e-18,2.7816853315320694e-22,2.9790751012275885e-05,5.0560183664860774e-83,3.1133794366569584e-36,4.445304951805707e-25,6.517766136110283e-09,0.0036998895596176257,5.556071816448e-13,0.005805633866407383,0.9085549887229272,0.0015213016049840419,1.8092816204634152e-44,6.722308180296623e-24,0.013130527790254533,2.961163738332423e-08,8.172717052497749e-10,0.04927295987384271,1.8208924609674797e-08,1.1913755904761232e-15,8.148622374454364e-05,7.807593414060122e-19,5.963757487431957e-70,4.825549644879159e-10
347,1.999339120611418e-08,1.017418959375756e-31,0.02114513655298044,6.995206195528606e-28,6.577334294554312e-05,9.640054998886233e-19,1.9802784120254857e-22,3.0503317820847225e-05,2.4400544731156102e-83,2.7833775786635837e-36,3.6889017936667665e-25,6.356850443368006e-09,0.004348882139968662,7.717261220139106e-13,0.00525910094812399,0.9295609820969648,0.0013733060681803998,1.7746211647904133e-44,6.149955098768682e-24,0.008476203580452337,3.096063569257005e-08,6.899898646523186e-10,0.029655085362890937,1.905550191315166e-08,8.580141286530731e-16,8.494884004400564e-05,3.795605296135931e-19,5.917928480462423e-70,6.924862990532349e-10
348,1.6479171533535168e-08,1.0162604278530003e-31,0.02512383845795892,6.949886375330648e-28,0.000117154929263758,5.940990838439501e-19,1.3930079600189608e-22,3.117110363912829e-05,1.1652079124572025e-83,2.4834442088774953e-36,3.017770265808209e-25,6.146183757701029e-09,0.0051222218983260105,1.075899069868084e-12,0.0047206042087743995,0.9405609189694729,0.0012456481444778746,1.7429674710630954e-44,5.6193729261580655e-24,0.0054464527123404445,3.254463252281161e-08,5.830988640965043e-10,0.017543114411236703,2.0039787121799418e-08,6.173454587876167e-16,8.87983652377e-05,1.792440352033081e-19,5.859274533268922e-70,1.0053218062468814e-09
349,1.350059737213506e-08,1.0101344781483538e-31,0.029918416754096414,6.904030899657988e-28,0.0002094579320210804,3.660598370566538e-19,9.730529152357581e-23,3.1838365064484755e-05,5.534074730352688e-84,2.2147082993113306e-36,2.4461305400613482e-25,5.910702290861143e-09,0.00603773371612221,1.502397399159557e-12,0.004213971012787369,0.9445853413869434,0.0011340135079425837,1.7116995421865995e-44,5.132537862092293e-24,0.0034945762239521044,3.430846935259427e-08,4.933315582077282e-10,0.010281643110664904,2.1139165081429844e-08,4.44371790926057e-16,9.293116788677526e-05,8.32214064396226e-20,5.7899131490081215e-70,1.4687502521564741e-09
350,1.101989095701412e-08,1.0000349345837499e-31,0.035668165551721184,6.855234074540973e-28,0.0003748351101415844,2.254033284137424e-19,6.772258291226796e-23,3.2539854613640456e-05,2.6234563270530034e-84,1.976167830889657e-36,1.9711534879466472e-25,5.666174189020131e-09,0.007115673881224169,2.098189234107849e-12,0.003750138534374032,0.9436779892976097,0.0010355778857273179,1.6788564103510841e-44,4.688644165559432e-24,0.002244328218780963,3.621238434511679e-08,4.1795145389707636e-10,0.006003408839807153,2.2339328612057022e-08,3.2035477098006427e-16,9.726501639615163e-05,3.8316513106219224e-20,5.7104105330583224e-70,2.1517761495739836e-09
351,8.976058044305813e-09,9.86400043915146e-32,0.042538264620284774,6.801316556691155e-28,0.0006700568268078865,1.3867048554152202e-19,4.706613643286584e-23,3.330420516119943e-05,1.2443855134549425e-84,1.7657591575260815e-36,1.5822761571403748e-25,5.4218236058652884e-09,0.008378667716837549,2.9272209315859053e-12,0.003332244248623177,0.9390456102425929,0.0009484218822697161,1.642890724786506e-44,4.285316341510328e-24,0.0014454875882623302,3.822675780155427e-08,3.546618048452531e-10,0.0035061328531966317,2.3631862930825356e-08,2.315233673585467e-16,0.00010173004835518779,1.7600655153700303e-20,5.6201964499983e-70,3.1535169070526647e-09
352,7.3033747556531554e-09,9.692722757464738e-32,0.050721897415559276,6.740171627516359e-28,0.001194597806376973,8.522934317951229e-20,3.2711848543955094e-23,3.415765342920394e-05,5.91614001933411e-85,1.5810609999938413e-36,1.2666224042097915e-25,5.182782779015604e-09,0.009851461612245786,4.0758300200406455e-12,0.0029592432943590804,0.9312718718898002,0.0008711680077246125,1.6025056569259574e-44,3.919422155240816e-24,0.0009351602393274318,4.032698484614248e-08,3.015329889181367e-10,0.0020540999235529062,2.5012083096670506e-08,1.678848943946802e-16,0.00010625941180994411,8.102394831900968e-21,5.517987075597062e-70,4.614980058017173e-09
353,5.9402054301918706e-09,9.484119766626735e-32,0.06044136815294961,6.669647032137643e-28,0.002121097940746686,5.233477161572123e-20,2.2760033687006968e-23,3.512726643917591e-05,2.8227609017171136e-85,1.4196934213192477e-36,1.0116384309112983e-25,4.9518504849186195e-09,0.011560538727728026,5.659412553770773e-12,0.0026280838757667064,0.9204814506233423,0.0008027676627646548,1.556556814042258e-44,3.587490970964901e-24,0.0006086500679587648,4.248910455012602e-08,2.569427102425707e-10,0.0012100480810001318,2.647726829676925e-08,1.2224618845014165e-16,0.00011078074602069672,3.7520129494089225e-21,5.402115085541248e-70,6.734252270847071e-09
354,4.832421206331132e-09,9.233605480331179e-32,0.0719472441892284,6.5874458670130055e-28,0.003745537314767392,3.2111156168202085e-20,1.5865342509779404e-23,3.624370718923902e-05,1.3529117389694302e-85,1.2795343867076616e-36,8.061498647795285e-26,4.730639079585624e-09,0.013533713544924587,7.830372300434845e-12,0.002334888826219142,0.9064272472692022,0.0007423780848915374,1.5040054183084343e-44,3.2858494901843017e-24,0.00039915477776537975,4.468599883230171e-08,2.1952612289910085e-10,0.0007182918205168525,2.802515280711161e-08,8.945450148203181e-17,0.00011520817879095939,1.7541923990140808e-21,5.270791235363039e-70,9.7849358562216e-09
355,3.934137692949531e-09,8.934626925189242e-32,0.08551359891862287,6.491040278771567e-28,0.006567339946331639,1.9694146293040908e-20,1.1086828414017413e-23,3.754385546431547e-05,6.517718315371106e-86,1.1588523845252359e-36,6.406383212443348e-26,4.52033028692537e-09,0.01579999868482966,1.0787241781206876e-11,0.002075542851087511,0.8885023594310559,0.0006892887701158554,1.4439146649312656e-44,3.0105649496494716e-24,0.0002642103913352144,4.6883663329604e-08,1.8813392223389489e-10,0.0004305838844854221,2.9652413513707075e-08,6.582883378763449e-17,0.00011943394107104243,8.31563467537394e-22,5.1223534898702244e-70,1.4136134541267232e-08
356,3.207263246630638e-09,8.578587933398442e-32,0.10142588865428008,6.377596867960363e-28,0.011411401608064795,1.2081694687001795e-20,7.771004934902134e-24,3.907365105692208e-05,3.1567384272740777e-86,1.0564220761199907e-36,5.0717580133280955e-26,4.322239085823524e-09,0.01839040629129945,1.478475564019489e-11,0.001845946838622431,0.865682835806627,0.000642872096171518,1.3754863617384818e-44,2.7572440033432332e-24,0.00017686319390283447,4.9036928835284496e-08,1.617968899684335e-10,0.0002612849818069961,3.135282207912416e-08,4.8742727447546734e-17,0.00012331851346572087,4.018976654193035e-22,4.955558310854071e-70,2.026886745916578e-08
357,2.620606177604119e-09,8.154608674382242e-32,0.11995552086575267,6.24391922654197e-28,0.01960024044700371,7.42277045723724e-21,5.465778424835953e-24,4.089152572452376e-05,1.5363391439542812e-86,9.716720626509719e-37,3.9923634881727395e-26,4.13833799850557e-09,0.021341017989179544,2.0144786959193783e-11,0.0016420908183718938,0.8364099434906271,0.0006025422368337462,1.2981388144290416e-44,2.5207127036159658e-24,0.00012000258517596391,5.108393771353776e-08,1.3969566980154827e-10,0.00016095188053139842,3.311465036318251e-08,3.632211073984368e-17,0.0001266782666093349,1.995550276770882e-22,4.769956924222264e-70,2.877681745862339e-08
358,2.1488875464013078e-09,7.6493772707883e-32,0.14131156780534213,6.086425995480268e-28,0.03316394428913798,4.57709921887614e-21,3.859004615862832e-24,4.3072780404586647e-05,7.501299534821124e-87,9.049114898226394e-37,3.1149093399966796e-26,3.9718558053607635e-09,0.024700756659541058,2.7268907317455436e-11,0.0014600324201746028,0.7984397615185653,0.0005677116365000533,1.211628577734091e-44,2.294620632766359e-24,8.275299149326371e-05,5.293870237802328e-08,1.2113481494334732e-10,0.00010099533425652257,3.491684094544632e-08,2.722833944731253e-17,0.00012927011349859918,1.0290747132471861e-22,4.566377252857639e-70,4.032639541345166e-08
359,1.7717997521644204e-09,7.047665655486861e-32,0.16555608522815135,5.901208406297602e-28,0.055015113403517,2.8428780415901866e-21,2.7353574612717956e-24,4.571519975009024e-05,3.6617472407065224e-87,8.576949749048056e-37,2.396396973628586e-26,3.828029852764132e-09,0.028547856993166792,3.665575685474904e-11,0.0012958415349297778,0.748747702281752,0.0005377378750464451,1.1162163643239638e-44,2.0711058011123393e-24,5.818707550621751e-05,5.448149216231486e-08,1.0552048266725169e-10,6.483329265311697e-05,3.672349213996363e-08,2.050358243853083e-17,0.00013077463806116503,5.595445817006476e-23,4.347486329972658e-70,5.553047596022805e-08
360,1.4731441112057967e-09,6.334674524737078e-32,0.19246888980600182,5.684256511188438e-28,0.08887954942569272,1.788551297056306e-21,1.946346644863598e-24,4.8945918242055444e-05,1.7759670442967063e-87,8.334151421980044e-37,1.8031468676965135e-26,3.715033736753933e-09,0.03302073696413192,4.893143551716125e-11,0.001145579515708151,0.6837087954928462,0.0005118593887888536,1.0128675160057204e-44,1.8408860867895545e-24,4.1879367407770186e-05,5.55483342080989e-08,9.234169308857979e-11,4.280584380490328e-05,3.847666859170194e-08,1.546189394898269e-17,0.0001307842558358079,3.272796027179333e-23,4.118315323757526e-70,7.466708610447819e-08
361,1.2400188068311522e-09,5.502109601773739e-32,0.22136146416310745,5.432007965890394e-28,0.13854543477868678,1.148986955168923e-21,1.389600880722044e-24,5.292869954474479e-05,8.471746976663173e-88,8.382597189920565e-37,1.3107105807843754e-26,3.6449754536907134e-09,0.03836954920437143,6.490860641134255e-11,0.0010054202066191664,0.5999868136847345,0.0004891321641749112,9.034542932857034e-45,1.5945428937660115e-24,3.0991544296868395e-05,5.5924826689523396e-08,8.115599833583963e-11,2.925380095527651e-05,4.0089069167595045e-08,1.161434317167979e-17,0.00012881352927750374,2.1093984428365443e-23,3.88646446891898e-70,9.717927666043096e-08
362,1.06198544489998e-09,4.559827852118022e-32,0.2508899248250431,5.142422729887597e-28,0.20582117539399714,7.614501699074943e-22,9.946092950020156e-25,5.786871822079529e-05,3.915937782420245e-88,8.827154994891632e-37,9.044255195753883e-27,3.634595990778396e-09,0.045030928993394934,8.569466994343991e-11,0.0008720693441229164,0.4966905068115289,0.00046840844586566873,7.908857148705446e-45,1.3261113411214952e-24,2.3692703444854093e-05,5.5356751447799314e-08,7.158174280303597e-11,2.0837558047160928e-05,4.1441493477185555e-08,8.620037402023196e-18,0.00012436454248827085,1.5355199068136806e-23,3.6614712914891286e-70,1.2101174361683612e-07
363,9.301192222859922e-10,3.5514467128927713e-32,0.2790233021428911,4.816698096761392e-28,0.2870762767677636,5.261185664521707e-22,7.129174892000169e-25,6.400805793132733e-05,1.7208073059238809e-88,9.837436969266593e-37,5.792944755390248e-27,3.7048431232404214e-09,0.05371428910764279,1.128539274380031e-10,0.0007436071577746588,0.3787783895520305,0.0004484400826081821,6.790376646675678e-45,1.0393870036589553e-24,1.879008665675087e-05,5.3597650815811494e-08,6.330002564019813e-11,1.556596216981289e-05,4.239504004796084e-08,6.25562296901558e-18,0.00011708807814810896,1.2860518347988767e-23,3.4526426846768154e-70,1.4220057603024955e-07
364,8.358968482852558e-10,2.5627221186184684e-32,0.30343201632323996,4.461272029276024e-28,0.37033905518955246,3.8170745325594196e-22,5.11336418727558e-25,7.16009388327066e-05,7.051756448735801e-89,1.1673157092099438e-36,3.364810381048797e-27,3.878018140243312e-09,0.06545686106755627,1.48563116618281e-10,0.0006205661683413962,0.2595166826227213,0.00042819851344702044,5.723343302066778e-45,7.538048573717408e-25,1.5492535975666386e-05,5.050688573236342e-08,5.606726892459427e-11,1.2232251553953883e-05,4.282928828747171e-08,4.3924833732336585e-18,0.0001070405018454689,1.2445559451938666e-23,3.2649182689685285e-70,1.5563221446761431e-07
365,7.701205348559512e-10,1.7022661023218647e-32,0.32243034640891,4.088814640591771e-28,0.43767482718042316,2.904648920418905e-22,3.6712079211939304e-25,8.086106813988666e-05,2.667909917867418e-89,1.469866454653933e-36,1.747517226730751e-27,4.171579383804085e-09,0.08156502926363882,1.9557910592183937e-10,0.0005063759269586499,0.15721668759080104,0.00040737108445764597,4.749335420161674e-45,5.013769201947496e-25,1.3260829990205892e-05,4.616599700648848e-08,4.9730157959229844e-11,1.0086422567879545e-05,4.270239901506792e-08,2.9665304156988294e-18,9.490256933834315e-05,1.3701408225615115e-23,3.09373989994337e-70,1.5759936924692527e-07
366,7.225331042413927e-10,1.0502513535166907e-32,0.33598441229334924,3.716310690082113e-28,0.474786386677001,2.2915719752554682e-22,2.6444228843817664e-25,9.189693131207934e-05,9.420569419951198e-90,1.936044344267783e-36,8.187069168253716e-28,4.590521792586067e-09,0.10336740931076706,2.5677477064252555e-10,0.00040600233811015346,0.08487470034994771,0.00038669056309084774,3.897532903320398e-45,3.094923723782285e-25,1.1720453711315542e-05,4.09117472169696e-08,4.42224547759499e-11,8.650739998487883e-06,4.209295439822937e-08,1.9338941622026897e-18,8.189315710835802e-05,1.6592714106233813e-23,2.92244095992778e-70,1.4856685004344474e-07
367,6.828299836390248e-10,6.168555160004319e-33,0.34577506388790435,3.3600267293718976e-28,0.4791466491681499,1.8392807353300917e-22,1.918920965992006e-25,0.00010468154979713238,3.211934003457818e-90,2.6113917251493642e-36,3.5872826269650043e-28,5.124318340137291e-09,0.131829996712377,3.3418704417653077e-10,0.0003230995680079115,0.042365089433964886,0.0003676726569006244,3.178632273284291e-45,1.8351190584800653e-25,1.0619229097131319e-05,3.5210004995354786e-08,3.952923777525596e-11,7.623923305863776e-06,4.117134121571362e-08,1.2330733032010808e-18,6.928848409720956e-05,2.120248091590168e-23,2.7263719332183358e-70,1.3282418700447788e-07
368,6.425670254785321e-10,3.552263940169437e-33,0.3541528764696503,3.0307205762218184e-28,0.45728754356578694,1.4726206462316077e-22,1.4097204708348955e-25,0.00011908361004829886,1.1036674992320465e-90,3.5319842064417636e-36,1.542314235779473e-28,5.751918527216327e-09,0.16719835777022105,4.2781721446774265e-10,0.0002581523964260993,0.02055730882612948,0.00035192238327765653,2.5863028715943872e-45,1.0907816241324787e-25,9.804357440387044e-06,2.9471304026734263e-08,3.563874013032624e-11,6.829661198142686e-06,4.01160763292257e-08,7.819736690521798e-19,5.792937045038964e-05,2.753273004443993e-23,2.4829875935938122e-70,1.1514404940089902e-07
369,5.963817793988681e-10,2.0531513778039307e-33,0.3631322710727111,2.732595616481801e-28,0.4172992311496155,1.1572564061531618e-22,1.0533881508226101e-25,0.0001349224737854211,3.9590361966020927e-91,4.712241536820386e-36,6.772233988546732e-29,6.4487119241735464e-09,0.20870573532077427,5.344174199436653e-10,0.0002090568116079557,0.010114442363373565,0.00034067594514819,2.1041650152461483e-45,6.728685518521925e-26,9.195631357085059e-06,2.3977579096392478e-08,3.251754866585117e-11,6.17579304357975e-06,3.905471642504369e-08,5.003253712140624e-19,4.812434818258511e-05,3.534190470470768e-23,2.1815794349600543e-70,9.84460764652474e-08
370,5.420417932961237e-10,1.208433923832777e-33,0.37413240533530995,2.4652185838235287e-28,0.3656820438747709,8.81737998315641e-23,8.03629717743802e-26,0.00015201151866521122,1.5161262235709663e-91,6.129988006774394e-36,3.1149917248927755e-29,7.188767757998535e-09,0.254289672794542,6.465390497431949e-10,0.0001727270306407481,0.005181978376412178,0.00033479402632128523,1.712782503171537e-45,4.401985160556315e-26,8.755065600587859e-06,1.892019825913517e-08,3.0112393484658005e-11,5.617800648620004e-06,3.805987849186341e-08,3.263172455524673e-19,3.9844939454159695e-05,4.4006060653832453e-23,1.8285700281829314e-70,8.385009647920009e-08
371,4.800524120706949e-10,7.297016255209923e-34,0.3881159982269001,2.2256970874934044e-28,0.3079057721899535,6.454341219919647e-23,6.274565027552444e-26,0.0001702100268951073,6.269281508722365e-92,7.714044060651806e-36,1.5208113356035873e-29,7.943876795232267e-09,0.30047725796905056,7.526156050930503e-10,0.00014617787485505192,0.002803012535675172,0.00033491601333763014,1.3937247874069194e-45,3.0868435320945434e-26,8.464105061049552e-06,1.444645192152611e-08,2.8358519671154488e-11,5.133851658382468e-06,3.716777876540247e-08,2.1850731924115903e-19,3.2924873695051594e-05,5.246435394467725e-23,1.4479193354257701e-70,7.151378406675668e-08
372,4.1316138931394797e-10,4.5311791790245406e-34,0.4057197582926253,2.0100345427092814e-28,0.24921185774143886,4.511133263619349e-23,5.017130059078848e-26,0.00018951142374649737,2.8074370637493815e-92,9.347305664160611e-36,7.915996787647616e-30,8.683317452123542e-09,0.34276165377735734,8.390205435716591e-10,0.00012690925864731868,0.0016084345639044843,0.000341567078798069,1.1311878216507021e-45,2.3253497481082254e-26,8.310955432656255e-06,1.0666972894040564e-08,2.718401778878496e-11,4.711797704966642e-06,3.6393146128073745e-08,1.509563912910021e-19,2.716687044464489e-05,5.937217431562108e-23,1.075559597308505e-70,6.12170975188028e-08
373,3.455445332699458e-10,2.8888831065004074e-34,0.4272891092985169,1.8138888436982564e-28,0.19442943354285178,3.002494141623411e-23,4.102810694357481e-26,0.00021016079120828008,1.3566292813951516e-92,1.0894659377638511e-35,4.383933878964365e-30,9.375622688022985e-09,0.3765906309976671,8.940461721716958e-10,0.0001129395834471313,0.000977404160803937,0.0003552022583419112,9.124652147917586e-46,1.8737052423331263e-26,8.284615181092633e-06,7.635736989497893e-09,2.6510854491462342e-11,4.343431396874183e-06,3.573689958610614e-08,1.0791708846958344e-19,2.238467273237048e-05,6.350129115907911e-23,7.477836010616248e-71,5.263349184070431e-08
374,2.8160393804217316e-10,1.882354781465979e-34,0.45286871060412265,1.6331067430247346e-28,0.14714906331909236,1.9055011900377002e-23,3.420247244627408e-26,0.0002327636165477435,7.016913231876112e-93,1.2247520854943003e-35,2.5663174547529476e-30,9.991398808654011e-09,0.39861453558296533,9.119749830028806e-10,0.00010273243975212314,0.0006250546252266544,0.0003762321262593644,7.28006852069645e-46,1.6006134126292055e-26,8.372630258173585e-06,5.3320291737842935e-09,2.6255989785108752e-11,4.022179441754318e-06,3.519019383502963e-08,7.993857409196708e-20,1.841570428281645e-05,6.420893188531206e-23,4.884470597684316e-71,4.543859421795152e-08
375,2.247654412149858e-10,1.2453893617491092e-34,0.482207708223226,1.4641812619109187e-28,0.1090735038927284,1.1588197934005779e-23,2.8934483579737243e-26,0.0002583479148971815,3.844353405880919e-93,1.3359343738608564e-35,1.573757126032318e-30,1.0505587109337947e-08,0.407515745906067,8.946680984678522e-10,9.511469250305651e-05,0.0004169969740119658,0.0004050670769796961,5.712526261742461e-46,1.4332659538698266e-26,8.561035455928835e-06,3.666145610062272e-09,2.6334590046368476e-11,3.7422687068657485e-06,3.4737621456775114e-08,6.135739423053398e-20,1.5122609341961263e-05,6.166176848226398e-23,3.0271382133763036e-71,3.935095953079578e-08
376,1.768138291926423e-10,8.306900218284825e-35,0.514804287049742,1.304594628353209e-28,0.08007803637032788,6.802586070396595e-24,2.4716187530858966e-26,0.000288377999826968,2.2071939803882636e-93,1.4250736108929626e-35,1.001425857965248e-30,1.0898297001427085e-08,0.4039855699591319,8.497497926891438e-10,8.920958034200993e-05,0.00028752119884794587,0.00044218987579178263,4.381925134126491e-46,1.3297669496278122e-26,8.835467196456402e-06,2.508765104968229e-09,2.6664975761323653e-11,3.498479954061195e-06,3.436034890383268e-08,4.876259288791123e-20,1.2391054065276094e-05,5.666318454015896e-23,1.8049729937118081e-71,3.414413428715103e-08
377,1.379539837998528e-10,5.548451715937321e-35,0.5499772875158073,1.1529617401414404e-28,0.05886248672676986,3.8854510124403654e-24,2.1217549268895866e-26,0.0003247603739462038,1.3154368154033041e-93,1.4987232388258261e-35,6.555755972322994e-31,1.1154629291216793e-08,0.3900370072886147,7.870136750392505e-10,8.438149821665287e-05,0.00020316414778702012,0.0004882398340842817,3.2663459044558472e-46,1.2651042853991471e-26,9.182493260222352e-06,1.7261493841212154e-09,2.7173312554564928e-11,3.2860944398281585e-06,3.4038780111312306e-08,4.0078079797772865e-20,1.0126510523500286e-05,5.025134404258971e-23,1.051153236446333e-71,2.9644850676094932e-08
378,1.0733062391002277e-10,3.6898900339786095e-35,0.5869385891410279,1.0089515986805178e-28,0.04371025593807568,2.17503229140007e-24,1.8230943597091423e-26,0.0003698932214383851,8.075830464295799e-94,1.5649964571789657e-35,4.384412815626719e-31,1.1264502301101575e-08,0.3681898743478435,7.153907645377106e-10,8.018631106760559e-05,0.00014610141789908398,0.0005440844794008646,2.3531191532522034e-46,1.223863764123921e-26,9.590472685426516e-06,1.204155920315347e-09,2.7796293756412105e-11,3.100872812386176e-06,3.375428309527403e-08,3.402076755727749e-20,8.250999784341733e-06,4.335139816834294e-23,6.06039127839094e-72,2.5724505768088796e-08
379,8.361048457476393e-11,2.432253657398305e-35,0.6248507434679293,8.730435797942493e-29,0.03300350374522913,1.2002864766221085e-24,1.5629792293247291e-26,0.0004267910053228084,5.077689737369301e-94,1.631527780326516e-35,2.97968974402114e-31,1.1223060791795647e-08,0.3409056461222052,6.415386226093367e-10,7.632630941345838e-05,0.00010636488995937783,0.000610866914200983,1.6305851285018391e-46,1.1963018793669274e-26,1.0049768314738835e-05,8.567239647509573e-10,2.8481548974064728e-11,2.939023581185325e-06,3.349001197642468e-08,2.9782984384419233e-20,6.700141753361677e-06,3.661828586922702e-23,3.4961973987362205e-72,2.2288662881814542e-08
380,6.53975172540707e-11,1.5838813836806622e-35,0.6628707447417916,7.462058530245355e-29,0.02544097794155142,6.558194327256226e-25,1.3338837667622753e-26,0.0004992937830701216,3.2556030611007195e-94,1.7046478945903324e-35,2.0497542260564233e-31,1.1031508000785434e-08,0.31032941199735864,5.697460583522702e-10,7.261204084894958e-05,7.809143733280087e-05,0.0006900329327368098,1.0825905111780467e-46,1.1761434939087301e-26,1.055252113613759e-05,6.238953139992829e-10,2.918666533356313e-11,2.7971649129412788e-06,3.3231200943852095e-08,2.6846664315247296e-20,5.420620869439288e-06,3.0435097048774583e-23,2.0332815307077586e-72,1.926745669309264e-08
381,5.1447969147701413e-11,1.0166669014449214e-35,0.7001876857323819,6.295696764417312e-29,0.020062960264354165,3.558696190592258e-25,1.1313692823871615e-26,0.0005923650514823619,2.1216765536838122e-94,1.7893557212394632e-35,1.4232074789220883e-31,1.0697810472059862e-08,0.27822885370962025,5.024374002201056e-10,6.893239906133356e-05,5.7659750985831286e-05,0.000783349120863024,6.866282586368527e-47,1.1593092728030023e-26,1.1092283268107477e-05,4.658175554523968e-10,2.98778528276659e-11,2.67229027519402e-06,3.296529143823502e-08,2.487396668966117e-20,4.368076992555667e-06,2.4979251246144185e-23,1.197690619510911e-72,1.66080325906535e-08
382,4.0743750092820275e-11,6.423822780556668e-36,0.736059367894773,5.241483530245548e-29,0.01619443368424627,1.921805326190266e-25,9.527292693428229e-27,0.0007124893515421986,1.401925656249724e-94,1.889617123486914e-35,9.953267144468346e-32,1.0236758390531962e-08,0.24601503303582595,4.407720901733178e-10,6.523229552152316e-05,4.273260433057524e-05,0.0008929222371995648,4.15219623287715e-47,1.143164690768198e-26,1.1663708019353512e-05,3.566444762379512e-10,3.0528841603569886e-11,2.5617422412583033e-06,3.268206580573207e-08,2.3641977735451674e-20,3.5053897517487523e-06,2.0295854493070055e-23,7.163649988782656e-73,1.426903496128972e-08
383,3.249042114573314e-11,3.993156430032452e-36,0.7698472595696898,4.3063017487201697e-29,0.01337175495623157,1.0343031647064453e-25,7.961217837624776e-27,0.0008681931671089344,9.373355313697304e-95,2.008714071980321e-35,7.000352214002469e-32,9.669122592316001e-09,0.2147807433229777,3.85129496646347e-10,6.149608515058618e-05,3.17444423516562e-05,0.0010212265953169757,2.3920326202209886e-47,1.1260657527141895e-26,1.226236917614509e-05,2.7976665043833994e-10,3.1120131744527766e-11,2.4631929296360367e-06,3.2373794207120496e-08,2.3002966689772132e-20,2.8013109061927167e-06,1.635457468260735e-23,4.3549009524875345e-73,1.2216737275213919e-08
384,2.6084688555407683e-11,2.4421646436362243e-36,0.801045234615476,3.492599920100418e-29,0.011279283101576974,5.552870290160176e-26,6.600394206841315e-27,0.0010707258474927104,6.330768283326544e-95,2.1495366600510084e-35,4.945591661095493e-32,9.019958518022867e-09,0.18533472279564775,3.354418109926572e-10,5.7734902049309685e-05,2.3614767843047382e-05,0.001171143153579487,1.313125212253371e-47,1.107071663647705e-26,1.2884698162731526e-05,2.2449984676647292e-10,3.163845740255676e-11,2.3746270223093725e-06,3.203532289747821e-08,2.2859676702523444e-20,2.2293958184662625e-06,1.3087253640544939e-23,2.6903965033354705e-73,1.0422384966820844e-08
385,2.1075073138690568e-11,1.4703673329224937e-36,0.8292967583456079,2.7980990463959417e-29,0.009702048500151612,2.975808737096218e-26,5.43013709192611e-27,0.0013349513927195052,4.312962261857871e-95,2.314797436892029e-35,3.506424258677771e-32,8.316360105931726e-09,0.15823103379726983,2.9140277538414247e-10,5.3976626013162884e-05,1.758029388353577e-05,0.0013460121763032504,6.878305617133321e-48,1.0857494669615808e-26,1.3527991829748166e-05,1.839197529913976e-10,3.207626724708561e-11,2.294323328594376e-06,3.1664029105910906e-08,2.3149649895100375e-20,1.767183602215043e-06,1.0410613016991965e-23,1.6876512843264415e-73,8.860427563054514e-09
386,1.7125933258672736e-11,8.723779487091434e-37,0.8543971248485575,2.2162568233758926e-29,0.008492747480175622,1.5926564913382822e-26,4.4348146038458904e-27,0.0016805183729848255,2.9600345134176865e-95,2.507178859863734e-35,2.4931539877014907e-32,7.585097868789335e-09,0.13379870527485346,2.5259122450878126e-10,5.025782793881097e-05,1.3092209265037901e-05,0.0015497003314723784,3.445955506619534e-48,1.062029392233715e-26,1.419044044873417e-05,1.5348738777921652e-10,3.2431081172700916e-11,2.22083226032085e-06,3.125960757608082e-08,2.3835111788684832e-20,1.3955742877400695e-06,8.239114504698072e-24,1.0735731036595904e-73,7.507414589685781e-09
387,1.3988049254566988e-11,5.107144981919153e-37,0.876280613284629,1.7372493130703876e-29,0.007549485159158,8.51606715087901e-27,3.5975826088428965e-27,0.0021333954864242847,2.0442282547339716e-95,2.7294299538759746e-35,1.7767644614715328e-32,6.850562374680783e-09,0.1121752884018665,2.1854136998072618e-10,4.661746876914183e-05,9.750717780073649e-06,0.0017866826294618279,1.6564297851980347e-48,1.0360904801530548e-26,1.487114014003255e-05,1.3018674650232033e-10,3.270468289719236e-11,2.1529484310226833e-06,3.082370488441872e-08,2.48963597451797e-20,1.0983522655086178e-06,6.49180642310244e-24,6.915587708223345e-74,6.341386519165237e-09
388,1.1475901302647257e-11,2.954605347985218e-37,0.8949955046818907,1.3491883547010714e-29,0.0068009842147659025,4.5509946881466934e-27,2.900753230665267e-27,0.0027278855388964446,1.4191961754474438e-95,2.9844243049609174e-35,1.2685787649873446e-32,6.133304536536425e-09,0.09334456815052905,1.8878168284349643e-10,4.309229656860366e-05,7.261828031951234e-06,0.002062139545494028,7.668983946511034e-49,1.0082680138407532e-26,1.557007489024433e-05,1.119844095594979e-10,3.2902196167872394e-11,2.0896791980460987e-06,3.0359456938342914e-08,2.6327409956097885e-20,8.618102112422824e-07,5.095639699180556e-24,4.504217688559987e-74,5.341618169780147e-09
389,9.450662994800504e-12,1.6918795746626582e-37,0.9106717105089219,1.0393208652676167e-29,0.00619678976705694,2.431469737131886e-27,2.3264525162149862e-27,0.003509261945105022,9.896005711436848e-96,3.2751853659949174e-35,9.071203460486333e-33,5.4492818824391965e-09,0.07717601321090671,1.6285596185124504e-10,3.971386414426627e-05,5.4079500217638454e-06,0.002382069922167045,3.434520810517688e-49,9.789800295087596e-27,1.628807233186742e-05,9.748903022962672e-11,3.303114125475386e-11,2.0302109192080287e-06,2.9871001313552526e-08,2.813312879469265e-20,6.744367276654841e-07,3.9867490069108246e-24,2.9619009184879447e-74,4.48858763227081e-09
390,7.807700897425317e-12,9.605207796730364e-38,0.9234859804501554,7.950328134176215e-30,0.005700761081821071,1.2992011883569577e-27,1.857319331209501e-27,0.004537209779318118,6.92559640658039e-96,3.6048788898884895e-35,6.494701231887095e-33,4.8097543354315875e-09,0.06346252816684096,1.4033449363550384e-10,3.650698186740057e-05,4.027365312080025e-06,0.0027534207036456243,1.4946280808839874e-49,9.486719389499528e-27,1.7026750094406587e-05,8.57346882732215e-11,3.310057448858663e-11,1.973874901512069e-06,2.936302982765145e-08,3.032735404298364e-20,5.266422192808346e-07,3.1105751272349244e-24,1.963832134066131e-74,3.764062508076584e-09
391,6.467478320037999e-12,5.415367433999912e-38,0.9336286150593397,6.045724303425701e-30,0.00528671373861143,6.945309112313448e-28,1.4770934157325063e-27,0.005890297654590825,4.861346361547473e-96,3.9767662882532913e-35,4.654938697096791e-33,4.221668206939879e-09,0.05195349403118801,1.2081967722530344e-10,3.348931849525699e-05,2.999585321983359e-06,0.0031842350645341637,6.34979099997899e-50,9.177780015856716e-27,1.7788475046334345e-05,7.604136925292091e-11,3.3120389321913197e-11,1.92011464690792e-06,2.8840426304025263e-08,3.293168001557709e-20,4.1050846140454713e-07,2.4213438554729095e-24,1.3113381396010984e-74,3.1512205116267576e-09
392,5.368968342043003e-12,3.0369501411588225e-38,0.9412739663929564,4.574854336648667e-30,0.004935470991540317,3.716189311811928e-28,1.1710234414796669e-27,0.0076717551873541874,3.4207640893885673e-96,4.3941062912987954e-35,3.33936536476041e-33,3.688332507307889e-09,0.04238128074790453,1.039484515404477e-10,3.0671815613848505e-05,2.234731951159161e-06,0.003683820921960585,2.645851686605002e-50,8.866974718250782e-27,1.8576358059943308e-05,6.79238962589554e-11,3.3100820968041214e-11,1.8684553359194e-06,2.8308010193677013e-08,3.5974682341289904e-20,3.1955588843296814e-07,1.8812122498033175e-24,8.810033656914021e-75,2.634749984145554e-09
393,4.464889308682539e-12,1.696794160109541e-38,0.9465553851930586,3.448052432408125e-30,0.0046328441907958545,1.9911693924626785e-28,9.260863459765914e-28,0.010016877916130741,2.4119027230551713e-96,4.859984725716941e-35,2.3975063464093962e-33,3.2102107822671345e-09,0.03448073064770501,8.93927735145394e-11,2.8059595527800905e-05,1.6657379664701923e-06,0.004262942040588392,1.0863022921811863e-50,8.557825454130512e-27,1.9394305025102203e-05,6.103165353262812e-11,3.305216322834238e-11,1.8184757980542295e-06,2.7770386363367073e-08,3.9491417752658963e-20,2.4852796323986574e-07,1.4592746954099959e-24,5.950541807567341e-75,2.200902247451522e-09
394,3.7182524745477516e-12,9.460045834365407e-39,0.9495440489204441,2.590628000351359e-30,0.004368231212820177,1.068995488523477e-28,7.3104495828501985e-28,0.013102415267868043,1.7033452862313343e-96,5.377042849037805e-35,1.722518546963803e-33,2.785698445975389e-09,0.02800213294044399,7.685884461886501e-11,2.5653099460988094e-05,1.2425679426015704e-06,0.004934033846863928,4.414658132786523e-51,8.253350268492331e-27,2.024714338369353e-05,5.5108136239540094e-11,3.2984683720233385e-11,1.7697826651480502e-06,2.7231888412852474e-08,4.3523065070647164e-20,1.9319436251703772e-07,1.1305487277478113e-24,4.0383625440605487e-75,1.8374880867818503e-09
395,3.099850014351057e-12,5.2715136762856596e-39,0.9502304126539608,1.941811692965624e-30,0.004133630364649458,5.754492564286698e-29,5.763859041800144e-28,0.017158294174321756,1.204527584918422e-96,5.947063051126138e-35,1.2383599817752478e-33,2.4118074438034095e-09,0.022718796316667105,6.60855164697155e-11,2.344926754015379e-05,9.279123851905933e-07,0.005711445510955218,1.7840038363209963e-51,7.956088894373833e-27,2.1140844181102284e-05,4.9963443658564586e-11,3.2908713848998554e-11,1.7219860585374767e-06,2.6696597231435783e-08,4.811658237784722e-20,1.5017499478985593e-07,8.750130241328626e-25,2.7527727039949754e-75,1.5338236704815132e-09
396,2.586415937501176e-12,2.9410301870541344e-39,0.9485068401427816,1.4530908649382136e-30,0.003922936763413278,3.108686212521352e-29,4.541806861883751e-28,0.022481948778494923,8.526908830339847e-97,6.570357050612141e-35,8.908077554603e-34,2.084723513972347e-09,0.01843052513446381,5.684217285487865e-11,2.1442644072998245e-05,6.939695681369198e-07,0.006611708570327324,7.202659665671634e-52,7.668164125887472e-27,2.2082863316521515e-05,4.545534096919758e-11,3.2834890022145095e-11,1.6746760328329903e-06,2.6168416064200283e-08,5.3324244581119556e-20,1.1678603255006233e-07,6.767375082827603e-25,1.8844915611146844e-75,1.2806376652270467e-09
397,2.1592690183328017e-12,1.645881389073686e-39,0.9441502307362394,1.086326803476845e-30,0.00373143288883004,1.6871317831778434e-29,3.579062150706151e-28,0.029455291868934648,6.041408096462102e-97,7.244887557640848e-35,6.411382077978369e-34,1.8002313923049893e-09,0.01496423865253027,4.8926309296398887e-11,1.9626350001465396e-05,5.200371708897975e-07,0.007653829880108493,2.9197847371282674e-52,7.391361673918888e-27,2.3082632438590522e-05,4.147607018587471e-11,3.2774528891003946e-11,1.6273990874912756e-06,2.565118555032084e-08,5.920289457840223e-20,9.090795266123232e-08,5.231233244500685e-25,1.29575046396491e-75,1.0699529892546944e-09
398,1.8033021410389743e-12,9.258699618180352e-40,0.9368041451921753,8.11905014539249e-31,0.0035554139346490954,9.210822841537196e-30,2.8225179338927343e-28,0.03856385512417118,4.2833684065950993e-97,7.965044166277142e-35,4.616619922373635e-34,1.5540206352132002e-09,0.01217276953695637,4.2160977804554445e-11,1.7992905851707914e-05,3.907097155083604e-07,0.00885960213566437,1.1948699478775006e-52,7.127216464909723e-27,2.415223947340667e-05,3.794306624014134e-11,3.274012810860712e-11,1.5796343919474817e-06,2.5148824738489122e-08,6.581268723333257e-20,7.087450286015378e-08,4.0425582686823434e-25,8.951738614034384e-76,8.949554805909908e-10
399,1.506221934542099e-12,5.248272204658456e-40,0.9259611387479888,6.070580985741397e-31,0.0033919075148342395,5.066852355886927e-30,2.229305393329544e-28,0.050416654284828645,3.038630127986105e-97,8.719997769266761e-35,3.325593444077016e-34,1.341892390966646e-09,0.009932632470190146,3.639222086620416e-11,1.653491455610046e-05,2.9453020870456274e-07,0.010253917173560969,4.966137989687467e-53,6.877097244491601e-27,2.5307350369511107e-05,3.47923531968224e-11,3.274599215727311e-11,1.5307700403443182e-06,2.466548519682492e-08,7.3215024220112e-20,5.53807488768094e-08,3.1236478074043714e-25,6.21772020994251e-76,7.498592784939748e-10
400,1.2579705570798555e-12,3.0064084955106313e-40,0.9109479468919605,4.544224224596485e-31,0.0032384599029760216,2.81415966774175e-30,1.7650584436109869e-28,0.0657636305002813,2.1566154146452793e-97,9.491594115818931e-35,2.3963109035676627e-34,1.1598888734113776e-09,0.008141322734624111,3.148658122886092e-11,1.5245627691782329e-05,2.2298250035867358e-07,0.01186505334247176,2.110568618677547e-53,6.642283597731706e-27,2.6568435832075203e-05,3.197379279948781e-11,3.280898752448947e-11,1.4800808290538133e-06,2.4205703601744044e-08,8.146926624001707e-20,4.340793740376786e-08,2.4138112292371903e-25,4.346209157319974e-76,6.297759372533553e-10
401,1.0502812518914858e-12,1.746324109977793e-40,0.8909191550740923,3.4084045503007682e-31,0.0030929697254884624,1.5820003278092095e-30,1.4023802995697305e-28,0.08550473867684813,1.5312190268684764e-97,1.0251849514555561e-34,1.7269710776775726e-34,1.0043653121963718e-09,0.006714513917499181,2.7328741915793784e-11,1.41194245133586e-05,1.6973908154571907e-07,0.013724884791822193,9.242918761890332e-54,6.424030022640265e-27,2.79623766144555e-05,2.944761487218577e-11,3.2949429840721856e-11,1.4267109958818733e-06,2.3774532369828573e-08,9.06276696718548e-20,3.416277903647727e-08,1.8657759618878842e-25,3.061399521463868e-76,5.305917652780108e-10
402,8.763332444650016e-13,1.0327380542049717e-40,0.8648693304488506,2.5639300753802017e-31,0.002953556601019651,9.028376993783233e-31,1.1195273041654782e-28,0.11068058266940067,1.0875399833146281e-97,1.096033091503372e-34,1.2445396187768325e-34,8.720207143291641e-10,0.005583379380221166,2.381932367689734e-11,1.3152233194827516e-05,1.3010016557658014e-07,0.015868922563821632,4.207311090210413e-54,6.2236105354627255e-27,2.952452253710828e-05,2.7181827150065525e-11,3.319209327188556e-11,1.3696683976144625e-06,2.3377616925645485e-08,1.0072784709665538e-19,2.7028828151065095e-08,1.4428033588542742e-25,2.1767389097442325e-76,4.4885583762366154e-10
403,7.304814329948864e-13,6.246916648402608e-41,0.8316793034587653,1.936326490421995e-31,0.0028184579906535535,5.2491629837011975e-31,8.99303024495908e-29,0.1424289420450208,7.726287194322635e-98,1.1562100655119242e-34,8.96589877201956e-35,7.599000423395865e-10,0.004692159390420281,2.0872843851592426e-11,1.2341918937564019e-05,1.0057579890016457e-07,0.018336039745171947,2.0096118096489378e-54,6.04233465908055e-27,3.130126334089385e-05,2.5150213291372893e-11,3.35673032972169e-11,1.3078409854532799e-06,2.3021171723665943e-08,1.1178195543314846e-19,2.1527833079264115e-08,1.1163930150377087e-25,1.5656674789279012e-76,3.81679603850802e-10
404,6.080433730499587e-13,3.88537572455784e-41,0.7902183596577322,1.4698562417605961e-31,0.002685953751212956,3.1217858655935455e-31,7.281435020690819e-29,0.18188560402899534,5.4901125509014874e-98,1.19875212311803e-34,6.454691020663629e-35,6.653770178397559e-10,0.0039960261576912496,1.841582029801398e-11,1.1688653239748913e-05,7.857474863944517e-08,0.021167654938182096,1.0174246691192696e-54,5.8815222476909644e-27,3.3353116756275984e-05,2.3330704885392687e-11,3.41120200850066e-11,1.2400519760808748e-06,2.271178706680626e-08,1.237619140698473e-19,1.728918677831545e-08,8.644678770560981e-26,1.1421111740331005e-76,3.2664795392131806e-10
405,5.051311066615006e-13,2.498976619620393e-41,0.7395272637567217,1.1229069702230224e-31,0.002554325669777175,1.9075630998335874e-31,5.95369198944662e-29,0.23000487348120108,3.901435448384028e-98,1.2155965971806477e-34,4.641236106195896e-35,5.861240108786993e-10,0.0034592531025689197,1.638498631528048e-11,1.1195260107219694e-05,6.217296846198982e-08,0.024406065730614726,5.515193169733998e-55,5.742422275481275e-27,3.57582274948973e-05,2.1703975221220266e-11,3.487073422789605e-11,1.1651753513035679e-06,2.245598239701232e-08,1.3658053317604083e-19,1.4025882445538177e-08,6.699478092426477e-26,8.474052830852073e-77,2.8174094552252216e-10
406,4.1851890483534853e-13,1.6717412474032373e-41,0.6791000493260974,8.64468853255152e-32,0.002421868913778382,1.203148651586128e-31,4.9257813257906155e-29,0.2872821743633852,2.772130536970781e-98,1.1985980845641567e-34,3.331087738479496e-35,5.200735810309236e-10,0.003053664329673419,1.4725569770767572e-11,1.0867505108160941e-05,4.994127559905e-08,0.028091592696381052,3.2311062428232308e-55,5.6260633992087084e-27,3.861597850950788e-05,2.0252168455367476e-11,3.58958829626329e-11,1.0823340888172843e-06,2.225942652722039e-08,1.5006995847320024e-19,1.1515645139869506e-08,5.196343888401449e-26,6.414870538404395e-77,2.4526510444556227e-10
407,3.455400846964546e-13,1.1694748624042166e-41,0.6092535743762454,6.714646883787334e-32,0.0022869815898214447,7.86737580725979e-32,4.131563223963469e-29,0.35338995352858227,1.9688379689201803e-98,1.1413781677279101e-34,2.3844557544442402e-35,4.653754229083811e-10,0.00275731958603936,1.3389589994232828e-11,1.0714251733707468e-05,4.0817035049362614e-08,0.03225834204790715,2.0615332643290817e-55,5.5330383263471625e-27,4.2050148178206046e-05,1.8957766136627494e-11,3.724738577261658e-11,9.911913875988204e-07,2.212580226370391e-08,1.6396185718879655e-19,9.58615855489384e-09,4.0334334127967403e-26,4.9693941508516974e-77,2.1579331661700983e-10
408,2.840065141283081e-13,8.591942644779399e-42,0.5315115777835546,5.26740704604039e-32,0.0021483595442829658,5.352928715968419e-32,3.518850522594114e-29,0.4267998496925978,1.3970357541205897e-98,1.0418796196564209e-34,1.700817956763891e-35,4.2035296629065355e-10,0.002553376756023774,1.2334155128326967e-11,1.0747367322394702e-05,3.4008576235073256e-08,0.03692892091017991,1.4394302472851073e-55,5.463256734866634e-27,4.621078849273017e-05,1.780271139877989e-11,3.8990881981054214e-11,8.923081191778278e-07,2.2055438791189877e-08,1.7787834647623917e-19,8.103533869471867e-09,3.132324045508076e-26,3.949487775411838e-77,1.9211290866013487e-10
409,2.321430537363858e-13,6.645680203643396e-42,0.44884080005090293,4.175653897235216e-32,0.002005300716879603,3.79840456661694e-32,3.0462898104183794e-29,0.5045522404895397,9.897638501242552e-99,9.048575852563633e-35,1.207844688762133e-35,3.8346559284954345e-10,0.002429071263880128,1.1519818824440972e-11,1.0981250138073761e-05,2.8924090193367825e-08,0.042109486227333126,1.1011893904965501e-55,5.415751469520197e-27,5.127397231441785e-05,1.676803058961168e-11,4.1194480554938855e-11,7.874711092882091e-07,2.2044075236814106e-08,1.913471023738174e-19,6.963374553363018e-09,2.4328116524473206e-26,3.2255475391251996e-77,1.731825390892381e-10
410,1.8852683959944952e-13,5.411823262578705e-42,0.3655135275726766,3.345155190571078e-32,0.001858061334738597,2.812211780187174e-32,2.680939137125086e-29,0.5823962428193229,6.996148146884456e-99,7.428356165659694e-35,8.533992857078359e-36,3.5328423810185444e-10,0.0023747677900103,1.0909177276655825e-11,1.143192353221399e-05,2.511907762565415e-08,0.04778779578292408,9.202012256773948e-56,5.388665241755862e-27,5.743909175053353e-05,1.5834219168418035e-11,4.392443459321091e-11,6.798174073490221e-07,2.2082353629679117e-08,2.0385349779524916e-19,6.083966215770014e-09,1.8888593775183385e-26,2.707779581536496e-77,1.5809958434021222e-10
411,1.5202097051295647e-13,4.627442159337925e-42,0.2864383570430055,2.7065232359502844e-32,0.0017081161866203324,2.1687224502200378e-32,2.3964631077799976e-29,0.6554554446928106,4.930204930209335e-99,5.740509037015654e-35,5.9974797482934874e-36,3.284874434120522e-10,0.0023830808581098268,1.0465997905295965e-11,1.2115839333176985e-05,2.225809933960806e-08,0.05393733681679864,8.339516973685281e-56,5.3795259311148906e-27,6.492463976550371e-05,1.498246190541967e-11,4.724101435215385e-11,5.735601910308095e-07,2.2156622546001296e-08,2.1493029305814516e-19,5.401234710472753e-09,1.4653876259658766e-26,2.3335026714406757e-77,1.460797899264424e-10
412,1.21698095738067e-13,4.1334534416498905e-42,0.21606910982915478,2.209082565718366e-32,0.0015581260452261464,1.735792107995609e-32,2.1718617815093889e-29,0.7193085284797671,3.4616614812714194e-99,4.173826877398466e-35,4.19391784786448e-36,3.0787898498297523e-10,0.0024481163812317226,1.015514754531001e-11,1.3048790178648985e-05,2.0087581817529324e-08,0.06052858462929086,8.111243679081571e-56,5.3857934896386376e-27,7.39648669058076e-05,1.419631900550382e-11,5.119640427929183e-11,4.732544041867581e-07,2.225112463744106e-08,2.2426084779937126e-19,4.865136812121429e-09,1.1356761885745598e-26,2.0586191765492283e-77,1.3644894165181406e-10
413,9.676192533458417e-14,3.8310750731022844e-42,0.1573413275462702,1.8162082688552124e-32,0.0014115048887961706,1.4347317936687614e-32,1.9906055890509224e-29,0.7710387315857716,2.4208164750320727e-99,2.8661516425189555e-35,2.9212384080339235e-36,2.904180312911867e-10,0.002564918482113816,9.943338652958925e-12,1.4245452771617463e-05,1.8416812413701097e-08,0.06754403336654662,8.36262985460511e-56,5.405480732101141e-27,8.481015781233289e-05,1.3463109535342781e-11,5.5835953509482144e-11,3.828168152347675e-07,2.235079971826267e-08,2.3175088453583e-19,4.437090725536856e-09,8.792561466183124e-27,1.851957100764233e-77,1.286424726274461e-10
414,7.648507854337515e-14,3.657276289755108e-42,0.11116811462700601,1.5016854863616298e-32,0.0012717074590427309,1.2179737214932846e-32,1.840002927182751e-29,0.8097270131572772,1.6860125436789304e-99,1.873181800204613e-35,2.030119999950096e-36,2.7524523572298023e-10,0.002729173801997167,9.80033521002428e-12,1.5719880480997834e-05,1.7104389794560143e-08,0.07499018963361283,9.023902268744743e-56,5.4375740580529754e-27,9.773259222831799e-05,1.2774301975254357e-11,6.120255907360575e-11,3.0473119151352996e-07,2.2443456256781047e-08,2.375314481469949e-19,4.0880121462498366e-09,6.802614524367755e-27,1.6915272691508229e-77,1.2220591405348776e-10
415,6.017843499446226e-14,3.5708860627007924e-42,0.07668647961909557,1.2468352467107934e-32,0.0011415460892334047,1.056407404107149e-32,1.7106369837020178e-29,0.8362028571007478,1.1695944565554004e-99,1.1769435543214784e-35,1.410369588195379e-36,2.616904464446627e-10,0.0029371367047243586,9.700041118927712e-12,1.748680597295361e-05,1.6047805118741876e-08,0.08290117525251592,1.0073743147693134e-55,5.482111678109492e-27,0.0001130358097841539,1.2124835214046131e-11,6.734249553906538e-11,2.3978530978151837e-07,2.252050246709812e-08,2.4189472294478622e-19,3.7966005618698665e-09,5.262291984450303e-27,1.561985606945387e-77,1.1678990424565854e-10
416,4.7191243539824064e-14,3.544603938919042e-42,0.051977090529918786,1.0382897526062268e-32,0.0010228095473080539,9.320368542879702e-33,1.5957856912739242e-29,0.8523295015107943,8.083108896995999e-100,7.185358541335984e-36,9.814424480540069e-37,2.4925849095164846e-10,0.0031856613266436234,9.621024513552073e-12,1.9563246254324595e-05,1.5174698613800217e-08,0.09133407784700141,1.1521365338856976e-55,5.53999979308841e-27,0.0001310668875326571,1.1511900899496237e-11,7.431078893402266e-11,1.8734885471518368e-07,2.257639274566351e-08,2.452017695911199e-19,3.5477134693279074e-09,4.072851122504691e-27,1.452819277622484e-77,1.1213780467219581e-10
417,3.692734827478539e-14,3.5602298007164225e-42,0.03481010642053322,8.663447502309543e-33,0.000916242248246236,8.336214932771612e-33,1.4908307329195362e-29,0.860266572479096,5.566430206092178e-100,4.3040936267617366e-36,6.853480816055869e-37,2.3759984030251086e-10,0.00347222086463163,9.546385421641023e-12,2.1969886092600267e-05,1.4435288412082266e-08,0.10036047309188151,1.3397927784570288e-55,5.6127563868330796e-27,0.00015222826408754,1.093381370951239e-11,8.217514595522072e-11,1.4592339966512576e-07,2.2607532141974047e-08,2.478051892858699e-19,3.330850622613938e-09,3.155981125030575e-27,1.3569846880438454e-77,1.0806833209634993e-10
418,2.886152294865262e-14,3.6056645741273924e-42,0.023140829052892973,7.23800046518907e-33,0.0008217589301087755,7.540444852556314e-33,1.3927092862333933e-29,0.8619820993050517,3.820173552511915e-100,2.5500510635327222e-36,4.810158929370757e-37,2.2647641194142998e-10,0.0037948500430762806,9.463166333843073e-12,2.4731972308554404e-05,1.3796025434368444e-08,0.11005858809163957,1.575276624740363e-55,5.702322657695904e-27,0.00017698894358845983,1.0389279078448783e-11,9.101848230440565e-11,1.1367334996533191e-07,2.2611280590376352e-08,2.5000637221225457e-19,3.13884419328542e-09,2.4498897367739225e-27,1.2698707687633135e-77,1.0445723079668521e-10
419,2.254746901055022e-14,3.672937064475414e-42,0.01532286945997332,6.051776283706061e-33,0.0007387310040254701,6.887144504532352e-33,1.2994563631655714e-29,0.8590443707142048,2.6128031304618935e-100,1.5036859390390316e-36,3.397754832313359e-37,2.1573025911902797e-10,0.004152007642163118,9.361589801513244e-12,2.7879722189769224e-05,1.3234600366402412e-08,0.12050811827512144,1.865213185964435e-55,5.810982121275006e-27,0.0002058951682838809,9.877044387367765e-12,1.0094059540426961e-10,8.879015704431454e-08,2.2585306150320722e-08,2.520435884302091e-19,2.9668213144485254e-09,1.9061958307933003e-27,1.1885271169141743e-77,1.0122108006278813e-10
420,1.7616737325108713e-14,3.756872893293902e-42,0.010132025067793858,5.062077809702324e-33,0.0006662386265436232,6.345972465107444e-33,1.2098555926375209e-29,0.8526006360881695,1.7807971549970507e-100,8.866015182186036e-37,2.418280469757598e-37,2.0525866824837996e-10,0.0045423864352519,9.234337942600391e-12,3.1448380372547886e-05,1.2736261368833876e-08,0.1317875761125055,2.2179267221231054e-55,5.9413674145741144e-27,0.00023958110028073017,9.39579001154352e-12,1.1205954268529296e-10,6.96798503812173e-08,2.2527257615216586e-08,2.5409801979460293e-19,2.811442372172264e-09,1.4873094345661767e-27,1.1111112818561146e-77,9.830458256685835e-11
421,1.377151724735497e-14,3.85419071956333e-42,0.006702694499014535,4.234933655534799e-33,0.0006032513564956093,5.896328723156815e-33,1.1231903234849773e-29,0.8434417810194456,1.209306654004434e-100,5.2451034626958215e-37,1.7359619920659773e-37,1.9499605751377854e-10,0.004964699802034105,9.07597967785511e-12,3.5478061563454714e-05,1.2291241277456893e-08,0.14397322240692093,2.6435225875737022e-55,6.096523252971052e-27,0.000278779999496797,8.944130235411978e-12,1.245131110024151e-10,5.502555851748203e-08,2.2434641485356814e-08,2.563065215146992e-19,2.6703733626332098e-09,1.16420746796334e-27,1.0365083773463447e-77,9.567134761676591e-11
422,1.0774616022847398e-14,3.962890766789118e-42,0.004442048681991036,3.542877591635152e-33,0.0005487409392781253,5.523861221374989e-33,1.0390745831262661e-29,0.8320886400533603,8.180352056450804e-101,3.1213512498577645e-37,1.2580270528914277e-37,1.8490158524709811e-10,0.005417464410272722,8.882569696292473e-12,4.001346437549344e-05,1.1893031190321414e-08,0.15713867530518597,3.154011507937175e-55,6.2800043213592836e-27,0.0003243361906067289,8.520648183056043e-12,1.3846058977554668e-10,4.3781083377407425e-08,2.2304806340233185e-08,2.587747412500542e-19,2.541935138138056e-09,9.145818498666897e-28,9.640777418237741e-78,9.329755377769876e-11
423,8.43898407322199e-15,4.081843839103028e-42,0.002952104855180206,2.963440016159274e-33,0.0005017438028055583,5.218379584332623e-33,9.573418162658806e-30,0.8188703673870136,5.510549095937187e-101,1.8721462918789325e-37,9.211481825317939e-38,1.749510147640198e-10,0.0058987886927528614,8.651400734296089e-12,4.510348665749323e-05,1.1537254350688302e-08,0.17135460219294046,3.763455854424594e-55,6.495999569380716e-27,0.00037721791372050866,8.123931668794923e-12,1.540849477970295e-10,3.513483322616006e-08,2.2134977707314878e-08,2.615880580408252e-19,2.424876481673689e-09,7.213352360535305e-28,8.934881798447603e-78,9.11677411679283e-11
424,6.618068612133398e-15,4.2105166962177844e-42,0.0019689217920432094,2.478086424344918e-33,0.0004613909818093615,4.972613203379053e-33,8.77972839034995e-30,0.8039859473131488,3.6953626750652885e-101,1.1334830713421698e-37,6.82054488321659e-38,1.6513154071564799e-10,0.006406171408569948,8.38087586040327e-12,5.080073356136126e-05,1.1220945487938804e-08,0.18668817241608748,4.488121345364761e-55,6.749483202961442e-27,0.000438530985022307,7.752599786379283e-12,1.7159545376959154e-10,2.8466126492920658e-08,2.1922316761041194e-08,2.6481987440344624e-19,2.3182296443129414e-09,5.7138478131517065e-28,8.246123543924354e-78,8.927208061565399e-11
425,5.1975194789244515e-15,4.3487891385520714e-42,0.0013186845231920685,2.071441840316019e-33,0.0004269188178181816,4.781479139441437e-33,8.010491911416822e-30,0.78754921355602,2.465990378952454e-101,6.936205931568022e-38,5.11107197563078e-38,1.5543858888673733e-10,0.006936313122101451,8.070466205084193e-12,5.716088645064436e-05,1.0942095490720182e-08,0.20320211746790798,5.3466173473583135e-55,7.046397912502806e-27,0.0005095330453082485,7.405319539725405e-12,1.9123075216232416e-10,2.3304138884050457e-08,2.1663993003703952e-08,2.685376272219569e-19,2.2212190657124343e-09,4.5472579084417715e-28,7.574593798019735e-78,8.760462683795153e-11
426,4.088339331356355e-15,4.496832086309088e-42,0.0008873461092964348,1.7307040940675385e-33,0.00039766923949150683,4.641664542915428e-33,7.267222793996167e-30,0.7696207631821396,1.636866304082971e-101,4.2947472558995703e-38,3.879336601705244e-38,1.4587389173535342e-10,0.007484944614654077,7.720723062717237e-12,6.424188894292156e-05,1.0699366328250913e-08,0.22095333299284403,6.360006538506322e-55,7.393879234171373e-27,0.0005916480294602991,7.0808146832945995e-12,2.1326239193265228e-10,1.9293228286063665e-08,2.1357268837063214e-08,2.728070843538068e-19,2.133203708961123e-09,3.6370681777804485e-28,6.921313846016427e-78,8.616221067673251e-11
427,3.2213641349027453e-15,4.655025750186592e-42,0.0006001772457148702,1.4451868341623048e-33,0.0003730850073703135,4.55141219445452e-33,6.55191894867778e-30,0.750230425665571,1.0802438973621429e-101,2.6933147728725177e-38,2.984701492822775e-38,1.3644436586180572e-10,0.008046678889557315,7.333317296709068e-12,7.210290207528212e-05,1.0491913948208345e-08,0.23999099976915905,7.551861108673086e-55,7.800532724533556e-27,0.0006864803366821902,6.777869197804398e-12,2.3799879583806245e-10,1.616521768526863e-08,2.0999596819651786e-08,2.7769544354579323e-19,2.0536403781302992e-09,2.9247254532327904e-28,6.287946592027837e-78,8.494373901868297e-11
428,2.542883226551023e-15,4.8239037648916756e-42,0.0004082012049627109,1.2059554561655115e-33,0.0003527030581295457,4.510448381035648e-33,5.866899248599507e-30,0.7293932956026282,7.084372498006053e-102,1.7122151303336776e-38,2.3296056306069365e-38,1.2716147393007014e-10,0.008614896730446388,6.911082089291247e-12,8.080298202078486e-05,1.0319279218484649e-08,0.26035422530723523,8.948238595796e-55,8.27677862172787e-27,0.0007958280162770526,6.4953273153585104e-12,2.6578964709393657e-10,1.3717920008544109e-08,2.0588730905727827e-08,2.832736310708967e-19,1.9820600322395824e-09,2.3653761233240887e-28,5.676593159420022e-78,8.394975080849581e-11
429,2.0111970233258157e-15,5.004113757087183e-42,0.000279277064844889,1.0055322093521136e-33,0.00033614771235236304,4.5200235547969475e-33,5.214666039401235e-30,0.707121528215224,4.614472641396357e-102,1.1043563358120243e-38,1.846008251406227e-38,1.1804085645142998e-10,0.009181679126099558,6.458037273633026e-12,9.039944091669832e-05,1.018132159191529e-08,0.28206922979639026,1.057754660701817e-54,8.835282315058233e-27,0.0009216941121989576,6.2320914225909136e-12,2.9703065561456074e-10,1.1798801465011072e-08,2.0122852267020572e-08,2.8961808123942025e-19,1.9180521051815254e-09,1.9246152837798757e-28,5.089635949965039e-78,8.318213088695069e-11
430,1.5939280508377888e-15,5.196387917449094e-42,0.00019226777371980443,8.376545267351077e-34,0.00032312471635268615,4.5830566813935386e-33,4.597776861382552e-30,0.6834333926829017,2.9836052944396176e-102,7.232201114318269e-39,1.4861871475416496e-38,1.0910208391312836e-10,0.00973780272054838,5.979375346103965e-12,0.00010094586524636612,1.0078179501287861e-08,0.3051461287259552,1.2470262951999513e-54,9.491493546643094e-27,0.0010662951465617797,5.987118713210719e-12,3.321686474456529e-10,1.0292689336477772e-08,1.9600708887522933e-08,2.968121854644645e-19,1.8612537313474562e-09,1.576010897295776e-28,4.529604142161739e-78,8.26439180221258e-11
431,1.2659284339288712e-15,5.4015192369878454e-42,0.00013323497092627452,6.970753697291447e-34,0.0003134166510323436,4.704389199538592e-33,4.018716536894996e-30,0.6583605321155878,1.913840876698881e-102,4.812212738265492e-39,1.2164740235827212e-38,1.0036841996208198e-10,0.010272816140325849,5.48139157717744e-12,0.00011248978841694971,1.0010247361094216e-08,0.32957540421856407,1.4658477291006916e-54,1.0264323079677373e-26,0.0012320655935504747,5.759417154443444e-12,3.717068991385731e-10,9.11258434545005e-09,1.9021766156356053e-08,3.0494753205662786e-19,1.8113419557692997e-09,1.2992195291006313e-28,3.9990475340148716e-78,8.23391656819468e-11
432,1.0076553742665599e-15,5.620340503625433e-42,9.295783266130586e-05,5.793973761694764e-34,0.0003068800151518578,4.891167514145411e-33,3.479766286722442e-30,0.6319539715911228,1.2171760812199876e-102,3.255396235075835e-39,1.0129740943560025e-38,9.18665115558924e-11,0.01077521482566266,4.971344234031999e-12,0.00012507004619788357,9.9781627184597e-09,0.35532420962483663,1.7175223696713532e-54,1.1176992856648909e-26,0.0014216571381197663,5.548041145620892e-12,4.162106160397863e-10,8.19282308368041e-09,1.8386363228568138e-08,3.1412501073773e-19,1.7680277410242653e-09,1.0785524493837311e-28,3.5004116638893307e-78,8.227282829705116e-11
433,8.0391171620604385e-16,5.853704182051957e-42,6.531436464055518e-05,4.809345754238385e-34,0.0003034441890919497,5.1533863554814044e-33,2.982870973413512e-30,0.6042891133507267,7.670374186363263e-103,2.2401840634611573e-39,8.586296395854163e-39,8.36259394795186e-11,0.01123272900254118,4.457236471911267e-12,0.0001387138862812819,9.98279938731376e-09,0.38233271609430325,2.0053582108468187e-54,1.225810474462222e-26,0.0016379315764916999,5.3520871454606025e-12,4.663124336623933e-10,7.484006892727865e-09,1.7695867071793962e-08,3.244558238360301e-19,1.7310510424255124e-09,9.018840922412722e-29,3.0359124135473164e-78,8.245065504263858e-11
434,6.428703023926298e-16,6.102462084900522e-42,4.622388490514538e-05,3.985967971469252e-34,0.0003031124569970081,5.504641155738776e-33,2.5295092748613062e-30,0.5754697329478177,4.786588087430078e-103,1.56884285583912e-39,7.411968342975477e-39,7.567857791228876e-11,0.011632732885108596,3.947519311314513e-12,0.00015343395556772235,1.0025263852777839e-08,0.4105107810994479,2.3325541955139438e-54,1.3542984183140185e-26,0.001883946452252356,5.1706894971577046e-12,5.227178099946795e-10,6.949255756446708e-09,1.6952813070588394e-08,3.3606242522468696e-19,1.7001765161661897e-09,7.598205850297757e-29,2.607412433345029e-78,8.287907956009323e-11
435,5.153184291545477e-16,6.367444393345332e-42,3.29547421544591e-05,3.2979288423125044e-34,0.00030596528117195736,5.963157804120435e-33,2.1205745972894184e-30,0.5456308253356528,2.956078212941511e-103,1.1185086463456519e-39,6.518456015077447e-39,6.80577289834517e-11,0.01196277258845449,3.4507251577189355e-12,0.00016922534753943645,1.0106893189715542e-08,0.439735288469505,2.702064410349783e-54,1.5075368836657787e-26,0.0021629329846755098,5.003016663908135e-12,5.862101806665161e-10,6.561458193708082e-09,1.6161018185386638e-08,3.4907939560993253e-19,1.6751896187619208e-09,6.450658128089184e-29,2.216304970058084e-78,8.356509886480724e-11
436,4.140727726421077e-16,6.649438159240963e-42,2.366999325927453e-05,2.723495604103561e-34,0.0003121660670121181,6.553195027412382e-33,1.756276628923813e-30,0.5149400405109267,1.805631319882627e-103,8.120058563547238e-40,5.841863624047824e-39,6.079702036864857e-11,0.012211195660899184,2.975052722920401e-12,0.00018606295060925467,1.0229253417867364e-08,0.4698485639253727,3.1164447457110577e-54,1.690952920711111e-26,0.0024782665690566068,4.848268083466454e-12,6.576557757065568e-10,6.301274712868529e-09,1.532565050943445e-08,3.6365425715725486e-19,1.655892990300726e-09,5.519375593385088e-29,1.8634129847745798e-78,8.451613876134213e-11
437,3.3352624427450844e-16,6.949165935979063e-42,1.71283825142883e-05,2.244433780416537e-34,0.00032196972166073,7.306951099507305e-33,1.4360742489204867e-30,0.48359739841165095,1.0902447619027942e-103,6.003120312504165e-40,5.335907545238353e-39,5.392908231300983e-11,0.012367847659378558,2.5279353927285388e-12,0.00020389938630653223,1.0394137750204468e-08,0.500658291799616,3.5776901877974603e-54,1.911292867538375e-26,0.002833431108764759,4.705671843591237e-12,7.380080523828914e-10,6.155718184776356e-09,1.4453238340869706e-08,3.799482307003874e-19,1.6421031111743665e-09,4.75997732902152e-29,1.5489126098934673e-78,8.57399068413658e-11
438,2.6929690886927076e-16,7.267265621377764e-42,1.2486900453810816e-05,1.8454362953110062e-34,0.00033573439182202087,8.267156455426882e-33,1.1586496530914449e-30,0.45183299124724163,6.504022416734767e-104,4.5192830036284645e-40,4.967159174415976e-39,4.7484054374837885e-11,0.012424783030980909,2.1156338254304842e-12,0.0002226638501855324,1.0603564656673828e-08,0.5319393280915408,4.0870745216044703e-54,2.1769555319235146e-26,0.003231979612045321,4.574483358132532e-12,8.283117859437983e-10,6.117184305253247e-09,1.3551603349889157e-08,3.981369441374066e-19,1.633647293056353e-09,4.137693865131391e-29,1.2722897432366166e-78,8.724423768502923e-11
439,2.179558524736465e-16,7.604272903230063e-42,9.169956083643267e-06,1.5136447599600618e-34,0.00035393686556247397,9.490602295786226e-33,9.219307931463552e-31,0.4199024765481456,3.831907467541129e-104,3.4637697586345547e-40,4.7117065303427414e-39,4.148800858830714e-11,0.012376922149460757,1.7428973686199019e-12,0.00024226215396366813,1.0859776093280814e-08,0.5634377052438226,4.645007236304654e-54,2.4984087943834828e-26,0.003677494713845058,4.453985176799855e-12,9.297069751978174e-10,6.18284319338288e-09,1.262970670380345e-08,4.184111100784674e-19,1.6303611132000302e-09,3.625198356197619e-29,1.0323367276472236e-78,8.903693806097535e-11
440,1.768161283981012e-16,7.960607809856853e-42,6.7823602059516085e-06,1.23824847563336e-34,0.0003771922415212967,1.1052949583863386e-32,7.231646200610261e-31,0.38808033672363834,2.228810259240152e-104,2.7018611377143223e-40,4.552812140596546e-39,3.596140907548211e-11,0.012222577854698533,1.4127356625790755e-12,0.00026257820270909747,1.116523663182676e-08,0.5948769467435933,5.250924008457823e-54,2.8887095062065513e-26,0.00417355384829748,4.343487986142819e-12,1.0434328503317042e-09,6.35433234358709e-09,1.1697404363219141e-08,4.409772028195073e-19,1.6320864254587411e-09,3.200941688616345e-29,8.271926503432323e-79,9.112564235020824e-11
441,1.437689696380894e-16,8.336566721216549e-42,5.05121536177808e-06,1.0101491326144604e-34,0.00040627861044750986,1.3055292845510745e-32,5.590376896613061e-31,0.3566511176112101,1.2795342073193562e-104,2.1438563300818007e-40,4.479277019174815e-39,3.091775101176706e-11,0.011963777233645233,1.1263306839697504e-12,0.0002834770212745506,1.152263453746181e-08,0.6259665620080036,5.90322648049293e-54,3.3641509242811465e-26,0.004723704435284081,4.242332757918243e-12,1.1708323944296633e-09,6.637714148948842e-09,1.0765117783690166e-08,4.660581770513303e-19,1.638670079070587e-09,2.84787226153573e-29,6.544261761583463e-79,9.35176896201918e-11
442,1.1715659596111432e-16,8.732320757909129e-42,3.786944509705101e-06,8.216811344866104e-35,0.00044216766358416254,1.5633132555000212e-32,4.25834401376468e-31,0.325899128316641,7.24934312832251e-105,1.7293036934516926e-40,4.484310930298659e-39,2.6362526658746145e-11,0.011606320141559143,8.831014874534541e-13,0.00030480927683138704,1.1934886034027653e-08,0.6564123013473994,6.599283615111612e-54,3.9450671615904226e-26,0.0053314543965345945,4.14989388501047e-12,1.3133578792371812e-09,7.043680014246385e-09,9.84343774496124e-09,4.938942806277905e-19,1.6499634459086334e-09,2.552449784233461e-29,5.111547073048554e-79,9.62200333021877e-11
443,9.567337031504757e-17,9.147920757690336e-42,2.857038202104425e-06,6.663790144834146e-35,0.0004860623466395896,1.8968657569395426e-32,3.196177723312882e-31,0.2960973399411026,4.0533742723872755e-105,1.4169679066003088e-40,4.5647712286238206e-39,2.2292647444294457e-11,0.011159544765016825,6.809121080783783e-13,0.0003264170507094476,1.2405144026884702e-08,0.6859274642446591,7.335500698588957e-54,4.6568303762653595e-26,0.006000282413157979,4.06558303299755e-12,1.472577940269608e-09,7.587999236317565e-09,8.942690028740638e-09,5.247440183893761e-19,1.6658228011996578e-09,2.3038840883331095e-29,3.941889931512411e-79,9.923919204571658e-11
444,7.828893254185816e-17,9.583308161770316e-42,2.1682869667280295e-06,5.387846088245797e-35,0.0005394429245982736,2.330758133004711e-32,2.3641445400270606e-31,0.26749640553516874,2.2370095263524716e-105,1.1783808755588063e-40,4.720675493937627e-39,1.869640787951361e-11,0.010635808510031866,5.163920894322504e-13,0.00034814042655961514,1.2936812393898898e-08,0.7142443309771153,8.107453813562253e-54,5.531083804591666e-26,0.006733670575941406,3.9888533496863905e-12,1.6501866543826124e-09,8.292225606798149e-09,8.072499819067448e-09,5.588853212202914e-19,1.6861105295720198e-09,2.093546362698011e-29,3.0018908376195353e-79,1.0258124617212678e-10
445,6.418838365266431e-17,1.0038330216005648e-41,1.6546980831843889e-06,4.342875913897647e-35,0.0006041231201560722,2.898224884221282e-32,1.723855223168987e-31,0.24031478754677293,1.2189112457236298e-105,9.936529751188343e-41,4.954923074203418e-39,1.5554014635722924e-11,0.010049732633744427,3.853237467215861e-13,0.0003698243223095008,1.3533566613320301e-08,0.7411246843595749,8.910078713582358e-54,6.607262367373773e-26,0.007535159674885889,3.919203635765952e-12,1.848014928282703e-09,9.18468914970741e-09,7.241394861168613e-09,5.966169631584058e-19,1.7106970504350622e-09,1.9145126702683108e-29,2.2581647169495332e-79,1.0625187878054414e-10
446,5.2725708310546443e-17,1.0512757122486733e-41,1.2692369580265624e-06,3.489937395231951e-35,0.0006823183468460786,3.644338640201163e-32,1.2396753310166738e-31,0.21473089374118554,6.560016767803338e-106,8.487238088872936e-41,5.273181649034815e-39,1.2838633296858066e-11,0.009417292780096995,2.830440924202662e-13,0.00039132493434302116,1.419938101312947e-08,0.7663684413360548,9.737895303351809e-54,7.934462487004652e-26,0.008408424732092966,3.856182098930824e-12,2.0680442736095e-09,1.0301815485794871e-08,6.456484349098441e-09,6.382602499581555e-19,1.7394632891774837e-09,1.7612090721502472e-29,1.6786865029587827e-79,1.1025645487257265e-10
447,4.3387482256327656e-17,1.1006298311070918e-41,9.781533953439526e-07,2.796159720872061e-35,0.0007767284877603098,4.630377299824412e-32,8.79737392199696e-32,0.19087789327820515,3.488928122978043e-106,7.335387557317144e-41,5.683909812562338e-39,1.051784032387305e-11,0.0087548573536882,2.0481335032645897e-13,0.0004125152013465992,1.4938562366404687e-08,0.7898196249505041,1.0585244049018126e-53,9.573733880953865e-26,0.00935736600961597,3.799389390186286e-12,2.3124227661928105e-09,1.168983190305426e-08,5.723241404857459e-09,6.841609768595303e-19,1.7723034770264846e-09,1.6291348974162305e-29,1.2338579617338779e-79,1.146001268821168e-10
448,3.5764573983778205e-17,1.1518614924858028e-41,7.570630446373297e-07,2.233838402211983e-35,0.0008906381842614152,5.93983690175087e-32,6.16519110045217e-32,0.16884155188078537,1.8348539034188713e-106,6.408267947808783e-41,6.198497320696139e-39,8.555322003689881e-12,0.008078277284217077,1.461143388632051e-13,0.00043328882678732327,1.5755788993280615e-08,0.8113692389417346,1.1446509672934348e-53,1.1600878212714435e-25,0.010386209086690178,3.74848073988228e-12,2.5834827064202387e-09,1.3406938191588413e-08,5.045403547605786e-09,7.346916239278936e-19,1.8091280507746552e-09,1.514646206642405e-29,8.972402692678428e-80,1.1928795158996938e-10
449,2.9530061652142367e-17,1.2049325918261416e-41,5.882263444472008e-07,1.7796779255616047e-35,0.0010280382098776042,7.686718019834592e-32,4.2701399821140523e-32,0.1486610544620071,9.548497377559553e-107,5.652727141480804e-41,6.831512293194172e-39,6.912644186997453e-12,0.007402114718138686,1.0286382868124894e-13,0.00045356259511242545,1.6656154015469667e-08,0.8309549933293024,1.231631052388084e-53,1.4109852088538806e-25,0.011499606983360888,3.7031671483074e-12,2.8837592531281805e-09,1.5526042597098237e-08,4.424990478892949e-09,7.902537263306139e-19,1.8498664444226202e-09,1.4147857137113482e-29,6.459462781756017e-80,1.243250020299834e-10
450,2.4421982249865052e-17,1.2598005748948414e-41,4.5864847126185765e-07,1.4141518262268374e-35,0.0011937722281485893,1.0026955164489767e-31,2.925672538039102e-32,0.1303324470985949,4.920597108059395e-107,5.029505569996679e-41,7.601050101510131e-39,5.550927839619662e-12,0.0067390694086472604,7.153378215765176e-14,0.00047327693550870047,1.7645210959398605e-08,0.8485581930522208,1.3189638183140948e-53,1.7216884098419315e-25,0.012702737733102012,3.663215715161283e-12,3.216009117622996e-09,1.8138189868693913e-08,3.862424833503919e-09,8.512803251192552e-19,1.8944696110975885e-09,1.3271486604286818e-29,4.607280739617971e-80,1.2971645859765793e-10
451,2.0229837389671485e-17,1.3164172346159345e-41,3.58744973027401e-07,1.1209561450304871e-35,0.001393714086842744,1.317419408753881e-31,1.9847431535295343e-32,0.11381408587875647,2.51297523335258e-107,4.5093181510495036e-41,8.529182377535495e-39,4.432300210091046e-12,0.006099627487525478,4.919354961184532e-14,0.0004923948849784156,1.8729019487501112e-08,0.8641983777587127,1.4061939644013258e-53,2.106542593820003e-25,0.014001392045901647,3.628449292772621e-12,3.5832282768510723e-09,2.135684044529577e-08,3.3567316723735274e-09,9.182383703789304e-19,1.9429121734572545e-09,1.2497766119893868e-29,3.2582301077008875e-80,1.3546766563832772e-10
452,1.678401933007196e-17,1.374726469102771e-41,2.8139914098941667e-07,8.865379869680004e-36,0.0016349818034808096,1.7421587577536856e-31,1.33442760933243e-32,0.09903335819975775,1.272881744850338e-107,4.070116621589082e-41,9.642506754680482e-39,3.5210395449620264e-12,0.005491925412308652,3.349178859596641e-14,0.0005108997464837008,1.991418857968603e-08,0.8779264518024136,1.4929142110060346e-53,2.583206378461536e-25,0.015402047360640603,3.5987457082611515e-12,3.988667572613856e-09,2.53231985970051e-08,2.905787653301156e-09,9.916309098358937e-19,1.9951941610364535e-09,1.1810730324339375e-29,2.2863310094232205e-80,1.415841425426073e-10
453,1.3947507370201002e-17,1.4346609820025888e-41,2.2129206222821117e-07,6.996858088755771e-36,0.001926195567823199,2.317192710909521e-31,8.900518351309825e-33,0.08589394171653883,6.3996127700977355e-108,3.695157007995016e-41,1.097279858013824e-38,2.7843814982760505e-12,0.004921797730356794,2.2599102066188788e-14,0.0005287918121617058,2.1207913882038992e-08,0.8898170650861063,1.5787626737556843e-53,3.173351445908487e-25,0.01691192622597213,3.5740368194317446e-12,4.435844969168073e-09,3.021283420758013e-08,2.506590930937264e-09,1.0719988472498504e-18,2.05134234270753e-09,1.1197359416176873e-29,1.5931049038047363e-80,1.4807154100726088e-10
454,1.1609330350552167e-17,1.4961379293380283e-41,1.7442348407134774e-07,5.511719157119319e-36,0.0022777884440986947,3.097932619995534e-31,5.8948756561237053e-33,0.07428296184302571,3.1960113634661373e-108,3.371621618942036e-41,1.2557764664221297e-38,2.1929984876434964e-12,0.004392963434595895,1.5130472076304513e-14,0.0005460845279905518,2.261800506113575e-08,0.8999609209013851,1.6634161742882598e-53,3.903481619306844e-25,0.01853903820732633,3.554307655780409e-12,4.92855310118669e-09,3.624389935756195e-08,2.1555268165037216e-09,1.1599219898588675e-18,2.1114111948679467e-09,1.0647040527890777e-29,1.1031018351722604e-80,1.5493554199228792e-10
455,9.67940451181505e-18,1.5590535153257203e-41,1.3776693081616183e-07,4.334404092337795e-36,0.0027023800135120377,4.160691961886294e-31,3.8803238900592244e-33,0.06407756225314631,1.5865569618793873e-108,3.089626661725286e-41,1.444189564987708e-38,1.721193875489035e-12,0.003907301794694823,1.0062319427548997e-14,0.0005628004296206017,2.4152897711400786e-08,0.9084575350772238,1.746580708858526e-53,4.805878825477557e-25,0.02029220516225829,3.5395958614028156e-12,5.470860517344301e-09,4.368730848990433e-08,1.848610472077267e-09,1.2560190154348941e-18,2.175483558860003e-09,1.0151136240776235e-29,7.595512384016373e-81,1.6218168664192465e-10
456,8.0844442830372e-18,1.6232765177739496e-41,1.0901981367817049e-07,3.4033562445006246e-36,0.0032152249619002483,5.610677672505421e-31,2.5408017175083228e-33,0.05515057544849156,7.833848384138636e-109,2.841500621025037e-41,1.667740697171643e-38,1.346869633040544e-12,0.003465172384512277,6.654110090085712e-15,0.0005789671001648298,2.5821642509487144e-08,0.9154087926519547,1.8279802824573572e-53,5.919676627778128e-25,0.022181069665019874,3.5299916126482876e-12,6.067104678648229e-09,5.287933114759241e-08,1.5816948325600849e-09,1.360945868821474e-18,2.2436710355761306e-09,9.702638919596098e-30,5.204231721563213e-81,1.6981513491621434e-10
457,6.764712068028148e-18,1.6886406889504085e-41,8.642115205738812e-08,2.6686711862215262e-36,0.003834750579337414,7.593063557027123e-31,1.6562882764221833e-33,0.04737514146896633,3.8496226373208215e-109,2.6212545824374e-41,1.9325247417225848e-38,1.05133075423022e-12,0.003065742558061925,4.380001584311453e-15,0.0005946133099050665,2.7633861726310043e-08,0.9209134776139208,1.9073451720493774e-53,7.292050545676255e-25,0.02421608560660604,3.525638139129002e-12,6.721874280159288e-09,6.42371401256642e-08,1.3506383074015274e-09,1.4753919357557398e-18,2.3161141440488833e-09,9.295894400516572e-30,3.550458820335531e-81,1.7784034396547203e-10
458,5.67142604374473e-18,1.7549359384934352e-41,6.861771291334464e-08,2.0900778530521375e-36,0.004583199264268699,1.0308340708592498e-30,1.0757021362972818e-33,0.04062825336302786,1.8836721705845758e-109,2.424189928510279e-41,2.2456137297929009e-38,8.189854377491728e-13,0.0027072959838719784,2.872641786831042e-15,0.0006097654108861265,2.9599659701600835e-08,0.925062809694229,1.9844004744188125e-53,8.97949608868386e-25,0.02640848861337684,3.526732937349348e-12,7.43997781142862e-09,7.827796560727829e-08,1.1514318809518577e-09,1.6000731276640862e-18,2.3929822370553274e-09,8.926382311289274e-30,2.413200238857424e-81,1.8626065553613208e-10
459,4.764685784558271e-18,1.8218981691217123e-41,5.456504471457998e-08,1.635218715725811e-36,0.005487394341332421,1.4033603369294192e-30,6.965349492344318e-34,0.03479330066661154,9.181733387690491e-110,2.2466052820743293e-41,2.615157286629644e-38,6.36990604421622e-13,0.0023875058779691026,1.8790072417464965e-15,0.0006244439859327477,3.172946923398056e-08,0.9279369193272917,2.0588555769056201e-53,1.1049137546132935e-24,0.028770241983316062,3.533529733141281e-12,8.226394440443251e-09,9.564262611113842e-08,9.802887426990694e-10,1.7357207330527558e-18,2.474473122389749e-09,8.5905432397537e-30,1.6350074318158688e-81,1.9507777811386995e-10
460,4.011806901050919e-18,1.8891976115134166e-41,4.345382494738755e-08,1.2781974964213301e-36,0.006579649675915156,1.9152070432701055e-30,4.4995401269182065e-34,0.029761738016146587,4.459951775803813e-110,2.0855758230164165e-41,3.050469682231294e-38,4.948808067794258e-13,0.002103664997475093,1.2269360761522754e-15,0.0006386606958669573,3.403380978847656e-08,0.9296021279429165,2.130395000285088e-53,1.3579969539438996e-24,0.03131395137065947,3.546341220587025e-12,9.086202286966502e-09,1.1712433577280819e-07,8.33701618242974e-10,1.8830645364163046e-18,2.560812283908987e-09,8.285645326913464e-30,1.1048060009474196e-81,2.0429114526733853e-10
461,3.385979987204118e-18,1.9564255002874808e-41,3.465469397351265e-08,9.983634603385217e-37,0.007898845475513535,2.619402954838589e-30,2.9015106394146925e-34,0.025434031342186633,2.159435926681046e-110,1.9387858677027317e-41,3.562088267064535e-38,3.8420726063222317e-13,0.0018528707530609664,8.005038460562482e-16,0.0006524152307817825,3.652292570754419e-08,0.9301088702667514,2.1986709217925808e-53,1.666387482658243e-24,0.03405273844721905,3.5655425772223407e-12,1.0024477937824276e-08,1.4370381595316312e-07,7.084738140771154e-10,2.0428082622372385e-18,2.6522515304117604e-09,8.009684826856194e-30,7.44909782133394e-82,2.1389712691746716e-10
462,2.865187698501289e-18,2.0230789589076235e-41,2.767668064268528e-08,7.793022179801617e-37,0.00949169395074899,3.589361259452211e-30,1.8687280853101778e-34,0.02172003701192224,1.0424060428823282e-110,1.8044010040904636e-41,4.161780865077389e-38,2.9820389877649144e-13,0.0016321679898265637,5.223423929081403e-16,0.0006656922491726758,3.920626299638355e-08,0.9294900905216943,2.263297598381296e-53,2.040618092569902e-24,0.0370000601771054,3.591575722332318e-12,1.1046159653767191e-08,1.765918514269206e-07,6.017299760384046e-10,2.21559486126662e-18,2.7490668198773558e-09,7.761316898966323e-30,5.013914147083805e-82,2.2388806520149125e-10
463,2.431328051043259e-18,2.0885440314097746e-41,2.2135688235496964e-08,6.0800447446397425e-37,0.011414218618034117,4.926748825405254e-30,1.202678630964421e-34,0.018538957781435716,5.0172204362224866e-111,1.68096987284463e-41,4.862469977812107e-38,2.31489574191825e-13,0.0014386543944563026,3.4119907715330527e-16,0.0006784581800734783,4.209173162261912e-08,0.927759957687235,2.3238478719338104e-53,2.4925409858224996e-24,0.0401694560744056,3.6249542396968934e-12,1.2155865151656157e-08,2.1728050006283419e-07,5.109120163087366e-10,2.4019585196436964e-18,2.851554907064345e-09,7.539814514362458e-30,3.370598679225941e-82,2.34251101476242e-10
464,2.0695030503481114e-18,2.1520769322328977e-41,1.7730476035413654e-08,4.741862298148805e-37,0.013733469140924593,6.772384728646854e-30,7.738073238824899e-35,0.015819000107519385,2.4078057004044864e-111,1.5673483814996712e-41,5.678028923026649e-38,1.7980986898829029e-13,0.0012695545482265362,2.2333026763538404e-16,0.0006906577663419992,4.5184686786175843e-08,0.924912770138229,2.379851940299498e-53,3.0351736011762427e-24,0.0435742007791909,3.666268818784928e-12,1.3357653182787008e-08,2.6760414527831866e-07,4.337648489978834e-10,2.602259558001446e-18,2.960028338205619e-09,7.345055005745831e-30,2.2641109226173044e-82,2.449667562111415e-10
465,1.767440300427992e-18,2.2127838081635003e-41,1.422426137291402e-08,3.6973641619223155e-37,0.016529488532938726,9.321316141294574e-30,4.979419012342122e-35,0.013496835135519261,1.1520462602648516e-111,1.4626410782449726e-41,6.622888972563566e-38,1.3981814935965545e-13,0.0011222687911919226,1.4663106510002412e-16,0.000702210241704915,4.848654798959015e-08,0.9209219529896374,2.430798609261474e-53,3.68234967428133e-24,0.047226833429092285,3.716192966855906e-12,1.4654716499585644e-08,3.2981140238386624e-07,3.6831567712941533e-10,2.816597651214045e-18,3.074808160858966e-09,7.177535625441062e-30,1.5204083285670608e-82,2.560072197167727e-10
466,1.5150218950036378e-18,2.269599652796936e-41,1.1430561841162568e-08,2.882706643448876e-37,0.019897539581314586,1.284363695589213e-29,3.2059477200265405e-35,0.011516943736351787,5.4943772905618715e-112,1.366155829965428e-41,7.71137733504829e-38,1.088931763717643e-13,0.0009944026554708268,9.667838842977404e-17,0.0007130050620604768,5.199296067676968e-08,0.9157390904042628,2.4761392884538804e-53,4.4480906635013096e-24,0.05113852865929642,3.775488592418261e-12,1.6048992443007626e-08,4.066484462394868e-07,3.128497133717623e-10,3.0446981520673992e-18,3.196213522852995e-09,7.038421702108701e-30,1.0212219695686902e-82,2.673343099011411e-10
467,1.3039000964804245e-18,2.321267526830427e-41,9.202254804066554e-09,2.2477264498206894e-37,0.023950580141167414,1.771316841629486e-29,2.065968010606893e-35,0.009830906161699335,2.611096976584195e-112,1.2773690100804004e-41,8.956684631109462e-38,8.498935363623293e-14,0.0008837819397739237,6.408989354614036e-17,0.000722897157402212,5.5691395091512066e-08,0.9092929799824903,2.515295045821959e-53,5.345593153359431e-24,0.0553182668564213,3.84501083626341e-12,1.7540676680324794e-08,5.014534603914366e-07,2.6588445797486234e-10,3.2857659506560785e-18,3.324547095369658e-09,6.92963388256028e-30,6.864737954026682e-83,2.7889705519105236e-10
468,1.1271833993764904e-18,2.3663199663904626e-41,7.423091190511928e-09,1.7530709079557434e-37,0.028821949314567028,2.444684414871543e-29,1.3329905808650186e-35,0.008396680076271777,1.2358854780854715e-112,1.195899222896937e-41,1.0369340390350317e-37,6.651522576737614e-14,0.000788457724275361,4.277545971063588e-17,0.0007317017420924307,5.955807689820933e-08,0.9014887487258716,2.547667076313208e-53,6.385712921515347e-24,0.059771754066896145,3.9257112010464446e-12,1.912762618691322e-08,6.182603910962538e-07,2.2614402662177553e-10,3.538301597691731e-18,3.4600749678236738e-09,6.85398492173406e-30,4.6211168613337155e-83,2.9062886886568096e-10
469,9.79179806500852e-19,2.4030654562897103e-41,6.0010907972972215e-09,1.3679107462411377e-37,0.0346681843325237,3.3758564608069176e-29,8.613987585126649e-36,0.00717789710913439,5.822489739175997e-113,1.121488259924493e-41,1.1955062296544224e-37,5.2235863252732556e-14,0.000706704887946553,2.8787314416761635e-17,0.0007391888288436136,6.355416411170137e-08,0.8922071326849651,2.572650954998203e-53,7.574824414745848e-24,0.0645000357869299,4.018637566882078e-12,2.0804640306164828e-08,7.619077125363333e-07,1.9253452044503548e-10,3.799875926544851e-18,3.6029993287097523e-09,6.81538216397531e-30,3.1174646226184513e-83,3.024442988745281e-10
470,8.551867103724037e-19,2.429584142056916e-41,4.863386520043421e-09,1.0681234189653737e-37,0.04167182606247598,4.6632425174772623e-29,5.576777012383633e-36,0.006143197454838681,2.728083928797903e-113,1.0539885693530154e-41,1.3711850619284412e-37,4.119507676733118e-14,0.0006370170644770124,1.956793582214779e-17,0.0007450777495983564,6.762114079931819e-08,0.881304098627568,2.5896550137204777e-53,8.911959154572096e-24,0.0694977456138899,4.124929032515464e-12,2.2562614933041577e-08,9.381440653635085e-07,1.6412104880277163e-10,4.066862971619931e-18,3.753421881270079e-09,6.819120210750663e-30,2.1093392018880015e-83,3.142353696652063e-10
471,7.513188153062782e-19,2.44373855096815e-41,3.9521889509559026e-09,8.348544655588216e-38,0.05004398351549185,6.442156127866293e-29,3.618121560762273e-36,0.005265614067506403,1.269911336192975e-113,9.933570841794735e-42,1.5626241758178198e-37,3.265385489114444e-14,0.0005781005030174869,1.3460254327478097e-17,0.0007490322108104694,7.167551291111728e-08,0.8686110791146361,2.5981230811500883e-53,1.0385198336393398e-23,0.07475093247478667,4.2458026361062805e-12,2.438757629117453e-08,1.1537169245059006e-06,1.4010673485959026e-10,4.334137787605382e-18,3.91129558127915e-09,6.872300828429546e-30,1.4328356389242538e-83,3.258675861069875e-10
472,6.643671689115858e-19,2.4432069022803754e-41,3.221620466832722e-09,6.533811819806964e-38,0.06002630838659679,8.898030631656881e-29,2.3529505717130687e-36,0.004522012176736607,5.865328931849569e-114,9.396558601662269e-42,1.7668741167791467e-37,2.6041920213218854e-14,0.0005288690181030736,9.389745259861217e-18,0.0007506567176038229,7.560309634753754e-08,0.8539362040975056,2.5975616330583e-53,1.1967440136628995e-23,0.08023442355900696,4.3825278331119824e-12,2.6259619595030527e-08,1.4164223505743236e-06,1.198138353445309e-10,4.594757348078274e-18,4.076361997781581e-09,6.984436385786342e-30,9.782104703511952e-84,3.3717575228586886e-10
473,5.916836809476005e-19,2.4255483746058377e-41,2.6352263136138157e-09,5.122170868336351e-38,0.071891874632255,1.2283870767124674e-28,1.534156244464055e-36,0.0038925857692445344,2.683613366333448e-114,8.93060696925531e-42,1.978866179787165e-37,2.0919792707110597e-14,0.000488442152994265,6.658604893152947e-18,0.0007494956017164686,7.925351820783567e-08,0.8370670410588276,2.5875710857256226e-53,1.361190993481887e-23,0.08590871095821294,4.536383103924896e-12,2.8151806571816207e-08,1.7350829423315474e-06,1.0266697095825521e-10,4.839660726342897e-18,4.24807151413729e-09,7.168323061420215e-30,6.720651917935225e-84,3.479598787949315e-10
474,5.310865580792055e-19,2.3883109870242804e-41,2.164014333335756e-09,4.0240752505173556e-38,0.08594426444575128,1.6942925676190953e-28,1.0030829435588545e-36,0.003360409925917134,1.2139666199152221e-114,8.538798556099837e-42,2.1908938396767582e-37,1.6949204250534172e-14,0.00045614889321964346,4.812724989545645e-18,0.0007450363774915592,8.243604147918819e-08,0.8177754939174954,2.5678805066616914e-53,1.524815209855759e-23,0.09171640752731934,4.708587242962577e-12,3.00291166485959e-08,2.119407263730923e-06,8.817837706245258e-11,5.05745056753163e-18,4.425483918285616e-09,7.441317413062564e-30,4.65346576062092e-84,3.5798161967284874e-10
475,4.8078292503990505e-19,2.329192718872276e-41,1.7849085375932114e-09,3.1697654417421035e-38,0.10251393843867725,2.3337517932166433e-28,6.577795625749747e-37,0.0029110461432217114,5.4165334678938445e-115,8.225862951811979e-42,2.3921996568344564e-37,1.3870109368027019e-14,0.0004315398388677315,3.555809573116093e-18,0.0007367196919478991,8.491847833426e-08,0.795825639696772,2.538384400075565e-53,1.6779724398153774e-23,0.09757841291650549,4.900195866020939e-12,3.184760074669683e-08,2.579668061302998e-06,7.593503260251305e-11,5.23435132821394e-18,4.607148005881218e-09,7.827225876415866e-30,3.2528496025903805e-84,3.669618991996645e-10
476,4.393055737941677e-19,2.2462638985140058e-41,1.4795273778956758e-09,2.5049318799959555e-38,0.12195073791474755,3.208465259843712e-28,4.326571366248337e-37,0.0025321967269423813,2.3769456469189527e-115,7.998687595986844e-42,2.568840801800773e-37,1.1482880463490553e-14,0.00041441182335805307,2.69395565599437e-18,0.000723958635870273,8.643171888648336e-08,0.7709853660611685,2.499179459309706e-53,1.8085331958836933e-23,0.10339007601548907,5.111951796976852e-12,3.355395243252032e-08,3.1261209728981457e-06,6.558749852532963e-11,5.354477356700047e-18,4.79096110916463e-09,8.359140437108043e-30,2.299897000313516e-84,3.7458065482200183e-10
477,4.0546131049625704e-19,2.1382521039072236e-41,1.2332172572249517e-09,1.9873185356360417e-38,0.14461118014465532,4.399827035403664e-28,2.8545859857883122e-37,0.0022134038100425075,1.0223659307824727e-115,7.867099339626797e-42,2.704073740255365e-37,9.634562969711357e-15,0.0004048508030682596,2.0998962958290948e-18,0.000706170461134524,8.668308203780349e-08,0.7430426542451419,2.4505983127879487e-53,1.9025493977465717e-23,0.10901784404179556,5.344076953681832e-12,3.508578168778448e-08,3.768075393510737e-06,5.684028752750979e-11,5.400575754131439e-18,4.974013582701979e-09,9.083757917486102e-30,1.648324870379984e-84,3.8047991264429813e-10
478,3.782887758122403e-19,2.004878112986319e-41,1.0342870175768512e-09,1.5840659991430245e-38,0.17083915016946957,6.013654867469813e-28,1.889118337981154e-37,0.0019457883509834079,4.292400401831949e-116,7.845043549086329e-42,2.779538483547518e-37,8.208302240270515e-15,0.0004033018531288486,1.6899319332314521e-18,0.0006828235042593053,8.538189596008063e-08,0.711827145554422,2.393236428127876e-53,1.945669119660044e-23,0.11429714965288806,5.595994399190477e-12,3.637293622899906e-08,4.512533980256303e-06,4.944358911669922e-11,5.3554155552413594e-18,5.1524299123740414e-09,1.0068062161006472e-29,1.2003070709198203e-84,3.8427167241664327e-10
479,3.570239127760137e-19,1.8472117498735518e-41,8.734009046243282e-10,1.2696350189533312e-38,0.20093879813443033,8.185022073984807e-28,1.2538062768094595e-37,0.0017218244929151497,1.750598999090261e-116,7.952358019150322e-42,2.7774828154015575e-37,7.115246305085085e-15,0.00041067998015447847,1.4090601812521251e-18,0.0006535009188985511,8.227978019649952e-08,0.6772371260508839,2.327967655352762e-53,1.925383246754887e-23,0.11903258182241752,5.865974357375659e-12,3.734023682955544e-08,5.362351042843792e-06,4.3186183640422406e-11,5.203945042456853e-18,5.321227815600872e-09,1.1409828340987411e-29,8.903461820341488e-85,3.8555221100205786e-10
480,3.410714612010297e-19,1.6679907454938368e-41,7.430966629286291e-10,1.0241849938636999e-38,0.23513909750810458,1.1082428511105086e-27,8.343431433824453e-38,0.0015351448228507092,6.895651465960854e-117,8.217451443270608e-42,2.684077484982872e-37,6.288383718583508e-15,0.00042854334205010214,1.2214239216769726e-18,0.0006179801679224716,7.722518191718321e-08,0.6392711474282602,2.2559436302069787e-53,1.8339392699008893e-23,0.12300165100771066,6.1507099910820646e-12,3.791193647174379e-08,6.313940686293396e-06,3.7889393337674665e-11,4.9361943105973404e-18,5.474229430665565e-09,1.3254405020432547e-29,6.745200653820441e-85,3.8392426318202677e-10
481,3.2998098529709254e-19,1.471818827245974e-41,6.374025656855098e-10,8.323086311477519e-39,0.27355080113892727,1.4910084157052806e-27,5.564565278352033e-38,0.0013803723097523372,2.6058857480750195e-117,8.681377663679765e-42,2.493477556777236e-37,5.677900175682074e-15,0.0004593632257715565,1.1042421346602981e-18,0.0005763227162609817,7.022613076007687e-08,0.5980620949318988,2.1785727138011504e-53,1.6713736466901215e-23,0.12596357606313494,6.444850745959907e-12,3.801803058382653e-08,7.35470973689332e-06,3.340193568561843e-11,4.550630542135527e-18,5.604073061105516e-09,1.5821961652267364e-29,5.23317049247309e-85,3.7902790412265384e-10
482,3.234260181467207e-19,1.2651416010108502e-41,5.51532797023454e-10,6.820451629329647e-39,0.31611858384334557,1.9906589273577425e-27,3.7175333423083046e-38,0.0012529749962841656,9.374671467861474e-118,9.404091837286115e-42,2.211704329172277e-37,5.247737169152744e-15,0.0005069458637977931,1.0440712098865003e-18,0.0005289620460947254,6.15071814271958e-08,0.553909656603033,2.0974755873346708e-53,1.4476957108376043e-23,0.12767431027520418,6.74055522458041e-12,3.760219717895178e-08,8.460602021906939e-06,2.959556293103004e-11,4.05729170698217e-18,5.7023861758912216e-09,1.9452431970800325e-29,4.168643280214007e-85,3.7057963062376654e-10
483,3.2118497745513964e-19,1.0559060919912757e-41,4.816450352503456e-10,5.641112717473843e-39,0.36257391785316706,2.6337964260621113e-27,2.486069676664511e-38,0.0011491398710262262,3.1821173149225275e-118,1.0474156325732175e-41,1.8588451471620866e-37,4.9731156891951795e-15,0.0005770949330425651,1.0347017740740123e-18,0.0004767709948106235,5.1538442139725546e-08,0.507305113239262,2.0144171941103243e-53,1.1830371394487643e-23,0.12790827391459061,7.027170270029543e-12,3.663062918187769e-08,9.59439139076633e-06,2.6361390376500327e-11,3.479633826885716e-18,5.760183408206991e-09,2.468077806776127e-29,3.4175091644306347e-85,3.5841700460804934e-10
484,3.231226375995332e-19,8.528582818968855e-42,4.24647595467438e-10,4.7130210638848806e-39,0.4123972361068059,3.448311798198263e-27,1.6627995400448343e-38,0.0010656627752307093,1.0089516002760646e-118,1.2023953242272542e-41,1.4678947012850248e-37,4.83885196775106e-15,0.0006786586473656064,1.076319261844711e-18,0.000421083941132348,4.1011586987907434e-08,0.4589407600489274,1.9312183035703896e-53,9.048752465155238e-24,0.12648581023217542,7.291188722361845e-12,3.510041218863473e-08,1.0705569732648906e-05,2.360683306148891e-11,2.853852404099513e-18,5.768536987379817e-09,3.236483558391334e-29,2.889123475271458e-85,3.4254342815986426e-10
485,3.2917121223351973e-19,6.64528548363385e-42,3.7804626768036246e-10,3.980251883603462e-39,0.46480018850626,4.461081721865211e-27,1.1112555785352225e-38,0.0009998517235758097,2.9550148132846935e-119,1.4253755050606328e-41,1.0792719879383466e-37,4.838343965866643e-15,0.0008251951662780652,1.1758120587462182e-18,0.00036364939176497844,3.074660370617041e-08,0.40969603262858006,1.8496540604062847e-53,6.424322807315293e-24,0.12330327963968507,7.516663971849768e-12,3.304558427800008e-08,1.1732702161685033e-05,2.1253083669448366e-11,2.2247800076785005e-18,5.719520964497976e-09,4.3905311878758656e-29,2.5222206911573435e-85,3.231647593097675e-10
486,3.393105668549649e-19,4.980792513758559e-42,3.3982315612049153e-10,3.3993818374653763e-39,0.5187387612147338,5.6949273340085734e-27,7.412757357640039e-39,0.0009494416409314096,7.8972697084174e-120,1.7470126904036855e-41,7.318097443476826e-38,4.973149568159229e-15,0.0010376362958104534,1.3483534486956767e-18,0.0003064981087159961,2.1537512115291432e-08,0.36059459800304966,1.771350576452873e-53,4.197999289715893e-24,0.11836039758624675,7.68623285279605e-12,3.0538870763601054e-08,1.2608799323054025e-05,1.9233071145173836e-11,1.6385090008797831e-18,5.607350895451806e-09,6.162873326797952e-29,2.2755312793333415e-85,3.0070768135360145e-10
487,3.5354771302784686e-19,3.582923973244953e-42,3.083414636077553e-10,2.9366789014788813e-39,0.5729641276495598,7.165238007710988e-27,4.930318773370238e-39,0.0009125191750303838,1.9008847575380885e-120,2.2147605414670052e-41,4.5318990227735563e-38,5.253112827697364e-15,0.001348566910110453,1.6206662217179238e-18,0.00025173262584659764,1.3979126376356397e-08,0.3127319076738959,1.697692795555994e-53,2.5042789616219198e-24,0.1117778287637115,7.782788149259218e-12,2.7687593544004024e-08,1.3269496155792173e-05,1.748983759115105e-11,1.1334317478363758e-18,5.429539796466063e-09,8.946056842122822e-29,2.1215273431881314e-85,2.75810454603424e-10
488,3.7189634418848218e-19,2.469926084309991e-42,2.8227132941923197e-10,2.5659271708646367e-39,0.6261096632632815,8.876945250972649e-27,3.2663772049795775e-39,0.0008874567853924694,4.06549567325365e-121,2.902824811433794e-41,2.5391422005606496e-38,5.6970254163426825e-15,0.0018091212600565697,2.036764848039435e-18,0.00020127164427381653,8.3406686649921e-09,0.26718043095391186,1.6297565269170544e-53,1.353759451933562e-24,0.10379835463507345,7.791642378501718e-12,2.4623503863434592e-08,1.3662750708075755e-05,1.5975260968966423e-11,7.326627422771659e-19,5.1878047706900524e-09,1.3411773425234447e-28,2.0422475725311748e-85,2.4928100665541337e-10
489,3.943573704218495e-19,1.6309029059810733e-42,2.605326000455313e-10,2.2667471778644112e-39,0.676800933328877,1.0822639589972572e-26,2.15372125977612e-39,0.0008728554954983282,7.621841192608832e-122,3.9282768772490565e-41,1.276130683301982e-38,6.333838534060982e-15,0.002500113207343849,2.6675441198258364e-18,0.0001566063606756487,4.5426450037594175e-09,0.22488776347222145,1.568274338739167e-53,6.592108322563428e-25,0.09476793891273944,7.702784308300176e-12,2.1488006052330998e-08,1.3757798638421967e-05,1.4649037659284053e-11,4.407952763992404e-19,4.88843884419375e-09,2.072335228853876e-28,2.026498180655457e-85,2.220250295309699e-10
490,4.209006898990286e-19,1.0321938323088559e-42,2.4225092502009915e-10,2.023301280926239e-39,0.7237643493136945,1.298240108050804e-26,1.4124994134371453e-39,0.0008674952743506308,1.2364859923500408e-122,5.477150086831915e-41,5.7125460640317446e-39,7.204466399950332e-15,0.0035499953033832554,3.626462616974172e-18,0.00011863155263514005,2.24601957276599e-09,0.1865875995815254,1.5136395494360259e-53,2.880376947684255e-25,0.08509835251750965,7.512656746561231e-12,1.8415781799089947e-08,1.355079494477094e-05,1.3477830876574957e-11,2.4621853390773758e-19,4.541951170520821e-09,3.291574805191586e-28,2.0679513176950554e-85,1.9495564676944113e-10
491,4.514463585569155e-19,6.273328967524778e-43,2.2672401264550035e-10,1.8232963234677443e-39,0.7659042660023563,1.5325330868929327e-26,9.211890420137891e-40,0.0008702908167424718,1.7162997318674603e-123,7.846604189167033e-41,2.2666053695375653e-39,8.364243323305477e-15,0.005163767104615471,5.094910797412303e-18,8.759471490496959e-05,1.0047403480916498e-09,0.1527421941892049,1.4659464195445255e-53,1.1281360776788997e-25,0.07521880074361158,7.22489956149863e-12,1.5520448263256907e-08,1.3065326110489877e-05,1.2434497733313014e-11,1.2761327080384457e-19,4.161970719864015e-09,5.357571024762781e-28,2.1638014891533096e-85,1.6890261885865466e-10
492,4.858396825839764e-19,3.67245937484323e-43,2.1339543507044192e-10,1.657214180737923e-39,0.8023203941319881,1.781199031638619e-26,5.974850313800341e-40,0.0008802484934594997,2.0215074500789087e-124,1.1512620161159093e-40,7.956258364097452e-40,9.886102999418754e-15,0.007669260703515924,7.362832082123145e-18,6.316799057572239e-05,4.0640705495918857e-10,0.12352699433767973,1.4250598488761262e-53,3.97052388324197e-26,0.06552756930641798,6.849753688635988e-12,1.2885211047757625e-08,1.234760481835007e-05,1.1497333427131221e-11,6.146214489977688e-20,3.763634593796914e-09,8.905652568074697e-28,2.3137131942823853e-85,1.4453971363571672e-10
493,5.238095442628935e-19,2.079265998275641e-43,2.0183413093904814e-10,1.517716466998724e-39,0.832246156579283,2.0396258390493468e-26,3.856323484392441e-40,0.0008964174911340654,2.014307965469276e-125,1.7237343059800223e-40,2.4753723561848014e-40,1.1864519900650293e-14,0.011590528109951505,1.0892867092496251e-17,4.460845287185119e-05,1.4904207224903383e-10,0.09885655760640442,1.3907060946338928e-53,1.2643142354322296e-26,0.056354259434227824,6.402224320733799e-12,1.0559789747294036e-08,1.145791421661475e-05,1.0649309976999556e-11,2.760764024529066e-20,3.3618383193951167e-09,1.5063294008936611e-27,2.518805076139345e-85,1.2234311337993542e-10
494,5.648923698954716e-19,1.144265141793708e-43,1.9171867509202532e-10,1.3991831896507662e-39,0.8548989286248772,2.3024715943901408e-26,2.4794897858810085e-40,0.0009178246046853062,1.7081248197961657e-126,2.6235516950069755e-40,6.870715620153609e-41,1.4420145273176838e-14,0.017762233901820874,1.6419356350089848e-17,3.095120655434365e-05,4.988351051377748e-11,0.07844057578091047,1.362577958302282e-53,3.6858493910846386e-27,0.04793901310326494,5.899470031760922e-12,8.562999096832803e-09,1.0460885172161221e-05,9.877325855598988e-12,1.1631093582686125e-20,2.969738085446468e-09,2.5827265569409714e-27,2.780360423541348e-85,1.025841666410745e-10
495,6.082952252277853e-19,6.156674597424451e-44,1.82826332705921e-10,1.2973564880985467e-39,0.8692401208749294,2.5631548429103494e-26,1.5908914411880477e-40,0.000943377560067644,1.2584577611125585e-127,4.0422302286808e-40,1.7222794378591788e-41,1.7704800693956603e-14,0.027502748027182604,2.5095155359753213e-17,2.1183527147348915e-05,1.5407495184907537e-11,0.061853697893624514,1.340453181598223e-53,1.0015815933463035e-27,0.040429445258382365,5.358057727130382e-12,6.88906824122142e-09,9.417073696894155e-06,9.171508340048418e-12,4.630785893474569e-21,2.5977690855120717e-09,4.470762415028894e-27,3.097814080479428e-85,8.535070823486898e-11
496,6.526609624195438e-19,3.2607309052202573e-44,1.7502774677804566e-10,1.2090695041311973e-39,0.8736479810413275,2.812698609689551e-26,1.0212055621141743e-40,0.0009717161524282556,8.410890480402121e-129,6.275493538182782e-40,3.9748720323405345e-42,2.1905906151253975e-14,0.04286239235550041,3.869360242406675e-17,1.4369162202983572e-05,4.464708635176583e-12,0.04860376507553559,1.324332368252657e-53,2.6018088315990323e-28,0.03389139084885935,4.791673236265891e-12,5.515430029263525e-09,8.377332044435494e-06,8.524616205034073e-12,1.7585619148838182e-21,2.253254970898781e-09,7.777930887888001e-27,3.465330877982585e-85,7.058591576666597e-11
497,6.95690911132528e-19,1.7136320541978548e-44,1.6828871088803555e-10,1.1320466128023008e-39,0.8655224847527045,3.037757746128702e-26,6.582386515640367e-41,0.0010009857040854018,5.480512240402747e-130,9.76309337189883e-40,8.68590570404844e-43,2.7248258530111113e-14,0.06694389895532257,5.984479657151593e-17,9.715974054993094e-06,1.241983592137131e-12,0.03818804243258582,1.3146111281468737e-53,6.684342312764197e-29,0.028327485316023283,4.209721328679195e-12,4.410141365250382e-09,7.380274729427134e-06,7.931578569586117e-12,6.44039909947043e-22,1.9405201906809285e-09,1.352597414668572e-26,3.8660184750346893e-85,5.813306494609192e-11
498,7.335949075675395e-19,9.024261023250394e-45,1.6268067167887675e-10,1.0647641761765297e-39,0.8409041479014345,3.217815192689678e-26,4.283077970221496e-41,0.001028510926134753,3.8392660547686227e-131,1.5115418515137987e-39,1.8669938881292684e-43,3.3988995787686354e-14,0.10422335417980884,9.220005371254325e-17,6.59683635683484e-06,3.4198349440796696e-13,0.030133033466648244,1.312307906560694e-53,1.773765514405925e-29,0.02369789900344192,3.6171683930741778e-12,3.5378669513177795e-09,6.452265136343794e-06,7.389181000412184e-12,2.304444775077599e-22,1.661331348943242e-09,2.3347679875388076e-26,4.2628270369899987e-85,4.777719847084984e-11
499,7.604260025327403e-19,4.820853973179222e-45,1.5840083887649533e-10,1.0063590966032873e-39,0.7943600779176768,3.322117180709897e-26,2.8345412937575605e-41,0.0010503816209098292,3.211330741807758e-132,2.3071993665483058e-39,4.1425896581268996e-44,4.2398429062214254e-14,0.16062204234756725,1.4021595483244235e-16,4.540211681326647e-06,9.689272359564255e-14,0.02401818958675583,1.3193684026561337e-53,5.118658565514718e-30,0.019939154850850002,3.016109034197543e-12,2.8640767318999793e-09,5.608977265003402e-06,6.895871551908342e-12,8.181197343804404e-23,1.4154864853334832e-09,3.9618572384491673e-26,4.586518701823117e-85,3.927847309373503e-11
500,7.6762437117226e-19,2.652523068917003e-45,1.5579961563247689e-10,9.56562032386209e-40,0.7197396533788762,3.3085020129180936e-26,1.9273172806981197e-41,0.001061071367604938,3.4954656799741235e-133,3.4272607485810556e-39,1.0023944992583761e-44,5.2716328632761564e-14,0.2427261527005679,2.07886720136665e-16,3.205756971741974e-06,2.954846611729589e-14,0.019486356841705122,1.3390453973756174e-53,1.6961266097236013e-30,0.01697869858098304,2.409802254378815e-12,2.357568358055278e-09,4.857617171490616e-06,6.451595285068837e-12,2.934676039075312e-23,1.2014124673080018e-09,6.519496713885844e-26,4.726158573002524e-85,3.239512819828237e-11
